Administracja;"Uniwersytet Jagielloński w Krakowie; Wydział Prawa i Administracji"
Administracja;"Uniwersytet Wrocławski; Wydział Prawa, Administracji i Ekonomii"
Aktorstwo;"Wyższa Szkoła Komunikowania i Mediów Społecznych im. Jerzego Giedroycia w Warszawie; Katedra Aktorstwa i Sztuki Medialnej"
Aktorstwo;"Akademia Teatralna im. Aleksandra Zelwerowicza w Warszawie; Zamiejscowy Wydział Sztuki Lalkarskiej"
Aktorstwo;"Akademia Teatralna im. Aleksandra Zelwerowicza w Warszawie; Zamiejscowy Wydział Sztuki Lalkarskiej"
Aktorstwo;"Akademia Teatralna im. Aleksandra Zelwerowicza w Warszawie; Wydział Aktorski"
Aktorstwo;"Akademia Teatralna im. Aleksandra Zelwerowicza w Warszawie; Wydział Aktorski"
Aktorstwo;"Państwowa Wyższa Szkoła Teatralna im. Ludwika Solskiego w Krakowie; Wydział Lalkarski -Filia we Wrocławiu"
Aktorstwo;"Państwowa Wyższa Szkoła Teatralna im. Ludwika Solskiego w Krakowie; Wydział Lalkarski -Filia we Wrocławiu"
Aktorstwo;"Państwowa Wyższa Szkoła Teatralna im. Ludwika Solskiego w Krakowie; Wydział Aktorski w Krakowie"
Aktorstwo;"Państwowa Wyższa Szkoła Teatralna im. Ludwika Solskiego w Krakowie; Wydział Aktorski w Krakowie"
Aktorstwo;"Państwowa Wyższa Szkoła Filmowa, Telewizyjna i Teatralna im. Leona Schillera w Łodzi; Wydział Aktorski"
Aktorstwo;"Państwowa Wyższa Szkoła Filmowa, Telewizyjna i Teatralna im. Leona Schillera w Łodzi; Wydział Aktorski"
Aktorstwo;"Państwowa Wyższa Szkoła Teatralna im. Ludwika Solskiego w Krakowie; Wydział Aktorski - Filia we Wrocławiu"
Aktorstwo;"Państwowa Wyższa Szkoła Teatralna im. Ludwika Solskiego w Krakowie; Wydział Aktorski - Filia we Wrocławiu"
Aktorstwo;"Państwowa Wyższa Szkoła Teatralna im. Ludwika Solskiego w Krakowie; Wydział Teatru Tańca w Bytomiu"
Aktorstwo;"Państwowa Wyższa Szkoła Teatralna im. Ludwika Solskiego w Krakowie; Wydział Teatru Tańca w Bytomiu"
Analityka medyczna;"Śląski Uniwersytet Medyczny w Katowicach; Wydział Farmaceutyczny z Oddziałem Medycyny Laboratoryjnej w Sosnowcu"
Analityka medyczna;"Śląski Uniwersytet Medyczny w Katowicach; Wydział Farmaceutyczny z Oddziałem Medycyny Laboratoryjnej w Sosnowcu"
Analityka medyczna;"Warszawski Uniwersytet Medyczny; Wydział Farmaceutyczny z Oddziałem Medycyny Laboratoryjnej"
Analityka medyczna;"Warszawski Uniwersytet Medyczny; Wydział Farmaceutyczny z Oddziałem Medycyny Laboratoryjnej"
Analityka medyczna;"Warszawski Uniwersytet Medyczny; Wydział Farmaceutyczny z Oddziałem Medycyny Laboratoryjnej"
Analityka medyczna;"Uniwersytet Mikołaja Kopernika w Toruniu; Collegium Medicum im. Ludwika Rydygiera w Bydgoszczy; Wydział Farmaceutyczny"
Analityka medyczna;"Uniwersytet Mikołaja Kopernika w Toruniu; Collegium Medicum im. Ludwika Rydygiera w Bydgoszczy; Wydział Farmaceutyczny"
Analityka medyczna;"Uniwersytet Medyczny w Łodzi; Wydział Farmaceutyczny"
Analityka medyczna;"Uniwersytet Medyczny w Łodzi; Wydział Farmaceutyczny"
Analityka medyczna;"Uniwersytet Medyczny w Białymstoku; Wydział Farmaceutyczny z Oddziałem Medycyny Laboratoryjnej"
Analityka medyczna;"Uniwersytet Medyczny w Białymstoku; Wydział Farmaceutyczny z Oddziałem Medycyny Laboratoryjnej"
Analityka medyczna;"Uniwersytet Medyczny w Białymstoku; Wydział Farmaceutyczny z Oddziałem Medycyny Laboratoryjnej"
Analityka medyczna;"Pomorski Uniwersytet Medyczny w Szczecinie; Wydział Lekarsko - Biotechnologiczny i Medycyny Laboratoryjnej"
Analityka medyczna;"Pomorski Uniwersytet Medyczny w Szczecinie; Wydział Lekarsko - Biotechnologiczny i Medycyny Laboratoryjnej"
Analityka medyczna;"Gdański Uniwersytet Medyczny; Wydział Farmaceutyczny z Oddziałem Medycyny Laboratoryjnej"
Analityka medyczna;"Gdański Uniwersytet Medyczny; Wydział Farmaceutyczny z Oddziałem Medycyny Laboratoryjnej"
Analityka medyczna;"Gdański Uniwersytet Medyczny; Wydział Farmaceutyczny z Oddziałem Medycyny Laboratoryjnej"
Analityka medyczna;"Uniwersytet Medyczny im. Karola Marcinkowskiego w Poznaniu; Wydział Farmaceutyczny"
Analityka medyczna;"Uniwersytet Medyczny im. Karola Marcinkowskiego w Poznaniu; Wydział Farmaceutyczny"
Analityka medyczna;"Uniwersytet Medyczny im. Karola Marcinkowskiego w Poznaniu; Wydział Farmaceutyczny"
Analityka medyczna;"Uniwersytet Medyczny im. Karola Marcinkowskiego w Poznaniu; Wydział Farmaceutyczny"
Analityka medyczna;"Uniwersytet Medyczny im. Karola Marcinkowskiego w Poznaniu; Wydział Farmaceutyczny"
Analityka medyczna;"Uniwersytet Medyczny im. Piastów Śląskich we Wrocławiu; Wydział Farmaceutyczny z Oddziałem Analityki Medycznej"
Analityka medyczna;"Uniwersytet Medyczny im. Piastów Śląskich we Wrocławiu; Wydział Farmaceutyczny z Oddziałem Analityki Medycznej"
Analityka medyczna;"Uniwersytet Medyczny im. Piastów Śląskich we Wrocławiu; Wydział Farmaceutyczny z Oddziałem Analityki Medycznej"
Analityka medyczna;"Uniwersytet Jagielloński w Krakowie; Collegium Medicum; Wydział Farmaceutyczny"
Analityka medyczna;"Uniwersytet Jagielloński w Krakowie; Collegium Medicum; Wydział Farmaceutyczny"
Analityka medyczna;"Uniwersytet Medyczny w Lublinie; Wydział Farmaceutyczny z Oddziałem Analityki Medycznej"
Analityka medyczna;"Uniwersytet Medyczny w Lublinie; Wydział Farmaceutyczny z Oddziałem Analityki Medycznej"
Analityka medyczna;"Uniwersytet Medyczny w Lublinie; Wydział Farmaceutyczny z Oddziałem Analityki Medycznej"
Archeologia;"Uniwersytet Warszawski; Wydział Historyczny"
Archeologia;"Uniwersytet im. Adama Mickiewicza w Poznaniu; Wydział Historyczny"
Archeologia;"Uniwersytet Jagielloński w Krakowie; Wydział Historyczny"
Archeologia;"Uniwersytet Łódzki; Wydział Filozoficzno-Historyczny"
Archeologia;"Uniwersytet Mikołaja Kopernika w Toruniu; Wydział Nauk Historycznych"
Architektura [do 2012-09-30 Architektura i urbanistyka];"Politechnika Wrocławska; Wydział Architektury"
Architektura [do 2014-09-30 Architektura i urbanistyka];"Politechnika Poznańska; Wydział Architektury"
Architektura i urbanistyka;"Politechnika Warszawska; Wydział Architektury"
Architektura i urbanistyka;"Politechnika Śląska; Wydział Architektury"
Architektura i urbanistyka;"Politechnika Krakowska im. Tadeusza Kościuszki; Wydział Architektury"
Architektura i urbanistyka;"Politechnika Łódzka; Wydział Budownictwa, Architektury i Inżynierii Środowiska"
Architektura i urbanistyka;"Uniwersytet Artystyczny w Poznaniu; Wydział Architektury i Wzornictwa"
Architektura i urbanistyka;"Uniwersytet Artystyczny w Poznaniu; Wydział Architektury i Wzornictwa"
Architektura i urbanistyka;"Uniwersytet Artystyczny w Poznaniu; Wydział Architektury i Wzornictwa"
Architektura krajobrazu;"Politechnika Krakowska im. Tadeusza Kościuszki; Wydział Architektury"
Architektura krajobrazu;"Uniwersytet Przyrodniczy we Wrocławiu; Wydział Inżynierii Kształtowania Środowiska i Geodezji"
Architektura wnętrz;"Akademia Sztuk Pięknych im. Jana Matejki w Krakowie; Wydział Architektury Wnętrz"
Architektura wnętrz;"Akademia Sztuk Pięknych w Warszawie; Wydział Architektury Wnętrz"
Architektura wnętrz;"Akademia Sztuk Pięknych im. Eugeniusza Gepperta we Wrocławiu; Wydział Architektury Wnętrz i Wzornictwa"
Architektura wnętrz;"Akademia Sztuk Pięknych w Gdańsku; Wydział Architektury i Wzornictwa"
Architektura wnętrz;"Uniwersytet Artystyczny w Poznaniu; Wydział Architektury Wnętrz i Scenografii"
Architektura wnętrz;"Uniwersytet Artystyczny w Poznaniu; Wydział Architektury Wnętrz i Scenografii"
Astronomia;"Uniwersytet im. Adama Mickiewicza w Poznaniu; Wydział Fizyki"
Astronomia;"Uniwersytet Jagielloński w Krakowie; Wydział Fizyki, Astronomii i Informatyki Stosowanej"
Astronomia;"Uniwersytet Warszawski; Wydział Fizyki"
Astronomia;"Uniwersytet Wrocławski; Wydział Fizyki i Astronomii"
Automatyka i robotyka;"Politechnika Warszawska; Wydział Mechatroniki"
Automatyka i robotyka;"Politechnika Warszawska; Wydział Inżynierii Produkcji"
Automatyka i robotyka;"Politechnika Warszawska; Wydział Mechaniczny Energetyki i Lotnictwa"
Automatyka i robotyka;"Politechnika Warszawska; Wydział Mechaniczny Energetyki i Lotnictwa"
Automatyka i robotyka;"Politechnika Śląska; Wydział Automatyki, Elektroniki i Informatyki"
Automatyka i robotyka;"Politechnika Śląska; Wydział Mechaniczny Technologiczny"
Automatyka i robotyka;"Politechnika Łódzka; Wydział Elektrotechniki, Elektroniki, Informatyki i Automatyki"
Automatyka i robotyka;"Politechnika Łódzka; Wydział Mechaniczny"
Automatyka i robotyka;"Politechnika Wrocławska; Wydział Elektroniki"
Automatyka i robotyka;"Politechnika Warszawska; Wydział Elektryczny"
Automatyka i robotyka;"Politechnika Krakowska im. Tadeusza Kościuszki; Wydział Mechaniczny"
Automatyka i robotyka;"Politechnika Poznańska; Wydział Elektryczny"
Biofizyka;"Uniwersytet Jagielloński w Krakowie; Wydział Biochemii, Biofizyki i Biotechnologii"
Biofizyka;"Uniwersytet Jagielloński w Krakowie; Wydział Biochemii, Biofizyki i Biotechnologii"
Biologia;"Uniwersytet Jagielloński w Krakowie; Wydział Biologii i Nauk o Ziemi"
Biologia;"Uniwersytet Łódzki; Wydział Biologii i Ochrony Środowiska"
Biologia;"Uniwersytet Szczeciński; Wydział Biologii"
Biotechnologia;"Uniwersytet Jagielloński w Krakowie; Wydział Biochemii, Biofizyki i Biotechnologii"
Biotechnologia;"Politechnika Warszawska; Wydział Chemiczny"
Biotechnologia;"Politechnika Warszawska; Wydział Chemiczny"
Biotechnologia;"Politechnika Łódzka; Wydział Biotechnologii i Nauk o Żywności"
Biotechnologia;"Politechnika Wrocławska; Wydział Chemiczny"
Budownictwo;"Politechnika Warszawska; Wydział Inżynierii Lądowej"
Budownictwo;"Politechnika Warszawska; Wydział Budownictwa, Mechaniki i Petrochemii"
Budownictwo;"Politechnika Krakowska im. Tadeusza Kościuszki; Wydział Inżynierii Lądowej"
Budownictwo;"Politechnika Lubelska; Wydział Budownictwa i Architektury"
Budownictwo;"Politechnika Łódzka; Wydział Budownictwa, Architektury i Inżynierii Środowiska"
Budownictwo;"Politechnika Wrocławska; Wydział Budownictwa Lądowego i Wodnego"
Budownictwo;"Politechnika Poznańska; Wydział Budownictwa i Inżynierii Środowiska"
Chemia;"Uniwersytet Warszawski; Wydział Chemii"
Chemia;"Uniwersytet im. Adama Mickiewicza w Poznaniu; Wydział Chemii"
Chemia;"Uniwersytet Jagielloński w Krakowie; Wydział Chemii"
Chemia;"Uniwersytet Łódzki; Wydział Chemii"
Chemia;"Uniwersytet Śląski w Katowicach; Wydział Matematyki, Fizyki i Chemii"
Chemia;"Politechnika Śląska; Wydział Chemiczny"
Chemia;"Politechnika Łódzka; Wydział Chemiczny"
Chemia;"Politechnika Wrocławska; Wydział Chemiczny"
Chemia;"Uniwersytet Wrocławski; Wydział Chemii"
Dziennikarstwo i komunikacja społeczna;"Uniwersytet Warszawski; Wydział Dziennikarstwa i Nauk Politycznych"
Dziennikarstwo i komunikacja społeczna;"Uniwersytet Jagielloński w Krakowie; Wydział Zarządzania i Komunikacji Społecznej"
Edukacja artystyczna w zakresie sztuk plastycznych;"Uniwersytet Artystyczny w Poznaniu; Wydział Edukacji Artystycznej"
Edukacja artystyczna w zakresie sztuk plastycznych;"Uniwersytet Artystyczny w Poznaniu; Wydział Edukacji Artystycznej"
Edukacja artystyczna w zakresie sztuk plastycznych;"Uniwersytet Artystyczny w Poznaniu; Wydział Edukacji Artystycznej"
Edukacja artystyczna w zakresie sztuki muzycznej;"Akademia Muzyczna im. Stanisława Moniuszki w Gdańsku; Wydział Dyrygentury Chóralnej, Muzyki Kościelnej, Edukacji Artystycznej, Rytmiki i Jazzu"
Edukacja techniczno-informatyczna;"Politechnika Śląska; Wydział Mechaniczny Technologiczny"
Ekonomia;"Uniwersytet Warszawski; Wydział Nauk Ekonomicznych"
Ekonomia;"Uniwersytet Gdański; Wydział Ekonomiczny"
Ekonomia;"Uniwersytet Jagielloński w Krakowie; Wydział Zarządzania i Komunikacji Społecznej"
Ekonomia;"Uniwersytet Łódzki; Wydział Ekonomiczno-Socjologiczny"
Ekonomia;"Uniwersytet Szczeciński; Wydział Nauk Ekonomicznych i Zarządzania"
Ekonomia;"Katolicki Uniwersytet Lubelski Jana Pawła II w Lublinie; Wydział Nauk Społecznych"
Ekonomia;"Uniwersytet Ekonomiczny we Wrocławiu; Wydział Ekonomii, Zarządzania i Turystyki w Jeleniej Górze"
Ekonomia;"Politechnika Koszalińska; Wydział Nauk Ekonomicznych"
Elektronika i telekomunikacja;"Politechnika Śląska; Wydział Automatyki, Elektroniki i Informatyki"
Elektronika i telekomunikacja;"Politechnika Śląska; Wydział Elektryczny"
Elektronika i telekomunikacja;"Politechnika Wrocławska; Wydział Elektroniki"
Elektronika i telekomunikacja;"Politechnika Łódzka; Wydział Elektrotechniki, Elektroniki, Informatyki i Automatyki"
Elektronika i telekomunikacja;"Politechnika Poznańska; Wydział Elektroniki i Telekomunikacji"
Elektronika i telekomunikacja;"Politechnika Koszalińska; Wydział Elektroniki i Informatyki"
Elektrotechnika;"Politechnika Warszawska; Wydział Elektryczny"
Elektrotechnika;"Politechnika Śląska; Wydział Elektryczny"
Elektrotechnika;"Politechnika Łódzka; Wydział Elektrotechniki, Elektroniki, Informatyki i Automatyki"
Elektrotechnika;"Politechnika Poznańska; Wydział Elektryczny"
Energetyka;"Politechnika Warszawska; Wydział Mechaniczny Energetyki i Lotnictwa"
Energetyka;"Politechnika Łódzka; Wydział Mechaniczny"
Energetyka;"Politechnika Krakowska im. Tadeusza Kościuszki; Wydział Mechaniczny"
Etnologia;"Uniwersytet im. Adama Mickiewicza w Poznaniu; Wydział Historyczny"
Etnologia;"Uniwersytet Jagielloński w Krakowie; Wydział Historyczny"
Etnologia;"Uniwersytet Łódzki; Wydział Filozoficzno-Historyczny"
Europeistyka;"Uniwersytet Warszawski; Wydział Dziennikarstwa i Nauk Politycznych"
Europeistyka;"Uniwersytet im. Adama Mickiewicza w Poznaniu; Wydział Prawa i Administracji"
Farmacja;"Warszawski Uniwersytet Medyczny; Wydział Farmaceutyczny z Oddziałem Medycyny Laboratoryjnej"
Farmacja;"Warszawski Uniwersytet Medyczny; Wydział Farmaceutyczny z Oddziałem Medycyny Laboratoryjnej"
Farmacja;"Warszawski Uniwersytet Medyczny; Wydział Farmaceutyczny z Oddziałem Medycyny Laboratoryjnej"
Farmacja;"Uniwersytet Mikołaja Kopernika w Toruniu; Collegium Medicum im. Ludwika Rydygiera w Bydgoszczy; Wydział Farmaceutyczny"
Farmacja;"Uniwersytet Mikołaja Kopernika w Toruniu; Collegium Medicum im. Ludwika Rydygiera w Bydgoszczy; Wydział Farmaceutyczny"
Farmacja;"Uniwersytet Mikołaja Kopernika w Toruniu; Collegium Medicum im. Ludwika Rydygiera w Bydgoszczy; Wydział Farmaceutyczny"
Farmacja;"Uniwersytet Medyczny w Łodzi; Wydział Farmaceutyczny"
Farmacja;"Uniwersytet Medyczny w Łodzi; Wydział Farmaceutyczny"
Farmacja;"Uniwersytet Medyczny w Łodzi; Wydział Farmaceutyczny"
Farmacja;"Uniwersytet Jagielloński w Krakowie; Collegium Medicum; Wydział Farmaceutyczny"
Farmacja;"Uniwersytet Jagielloński w Krakowie; Collegium Medicum; Wydział Farmaceutyczny"
Farmacja;"Uniwersytet Jagielloński w Krakowie; Collegium Medicum; Wydział Farmaceutyczny"
Farmacja;"Uniwersytet Medyczny w Białymstoku; Wydział Farmaceutyczny z Oddziałem Medycyny Laboratoryjnej"
Farmacja;"Uniwersytet Medyczny w Białymstoku; Wydział Farmaceutyczny z Oddziałem Medycyny Laboratoryjnej"
Farmacja;"Uniwersytet Medyczny w Białymstoku; Wydział Farmaceutyczny z Oddziałem Medycyny Laboratoryjnej"
Farmacja;"Gdański Uniwersytet Medyczny; Wydział Farmaceutyczny z Oddziałem Medycyny Laboratoryjnej"
Farmacja;"Gdański Uniwersytet Medyczny; Wydział Farmaceutyczny z Oddziałem Medycyny Laboratoryjnej"
Farmacja;"Gdański Uniwersytet Medyczny; Wydział Farmaceutyczny z Oddziałem Medycyny Laboratoryjnej"
Farmacja;"Uniwersytet Medyczny im. Karola Marcinkowskiego w Poznaniu; Wydział Farmaceutyczny"
Farmacja;"Uniwersytet Medyczny im. Karola Marcinkowskiego w Poznaniu; Wydział Farmaceutyczny"
Farmacja;"Uniwersytet Medyczny im. Karola Marcinkowskiego w Poznaniu; Wydział Farmaceutyczny"
Farmacja;"Uniwersytet Medyczny im. Karola Marcinkowskiego w Poznaniu; Wydział Farmaceutyczny"
Farmacja;"Uniwersytet Medyczny im. Karola Marcinkowskiego w Poznaniu; Wydział Farmaceutyczny"
Farmacja;"Uniwersytet Medyczny im. Piastów Śląskich we Wrocławiu; Wydział Farmaceutyczny z Oddziałem Analityki Medycznej"
Farmacja;"Uniwersytet Medyczny im. Piastów Śląskich we Wrocławiu; Wydział Farmaceutyczny z Oddziałem Analityki Medycznej"
Farmacja;"Uniwersytet Medyczny im. Piastów Śląskich we Wrocławiu; Wydział Farmaceutyczny z Oddziałem Analityki Medycznej"
Farmacja;"Śląski Uniwersytet Medyczny w Katowicach; Wydział Farmaceutyczny z Oddziałem Medycyny Laboratoryjnej w Sosnowcu"
Farmacja;"Śląski Uniwersytet Medyczny w Katowicach; Wydział Farmaceutyczny z Oddziałem Medycyny Laboratoryjnej w Sosnowcu"
Farmacja;"Śląski Uniwersytet Medyczny w Katowicach; Wydział Farmaceutyczny z Oddziałem Medycyny Laboratoryjnej w Sosnowcu"
Farmacja;"Uniwersytet Medyczny w Lublinie; Wydział Farmaceutyczny z Oddziałem Analityki Medycznej"
Farmacja;"Uniwersytet Medyczny w Lublinie; Wydział Farmaceutyczny z Oddziałem Analityki Medycznej"
Farmacja;"Uniwersytet Medyczny w Lublinie; Wydział Farmaceutyczny z Oddziałem Analityki Medycznej"
Filologia (filologia angielska);"Uniwersytet Warszawski; Wydział Neofilologii"
Filologia (filologia włoska);"Uniwersytet Warszawski; Wydział Neofilologii"
Filologia (filologia germańska);"Uniwersytet Warszawski; Wydział Neofilologii"
Filologia (hungarystyka);"Uniwersytet Warszawski; Wydział Neofilologii"
Filologia (filologia romańska);"Uniwersytet Warszawski; Wydział Neofilologii"
Filologia (filologia rosyjska);"Uniwersytet Warszawski; Wydział Lingwistyki Stosowanej"
Filologia (filologia białoruska);"Uniwersytet Warszawski; Wydział Lingwistyki Stosowanej"
Filologia (filologia ukraińska);"Uniwersytet Warszawski; Wydział Lingwistyki Stosowanej"
Filologia (lingwistyka stosowana);"Uniwersytet Warszawski; Wydział Lingwistyki Stosowanej"
Filologia (dwujęzykowe studia dla tłumaczy);"Uniwersytet Warszawski; Wydział Lingwistyki Stosowanej"
Filologia (nie określono specjalności);"Uniwersytet im. Adama Mickiewicza w Poznaniu; Wydział Filologii Polskiej i Klasycznej"
Filologia (filologia słowiańska - chorwacka);"Uniwersytet Jagielloński w Krakowie; Wydział Filologiczny"
Filologia (kultura Rosji i narodów sąsiednich);"Uniwersytet Jagielloński w Krakowie; Wydział Filologiczny"
Filologia (filologia słowiańska - czeska);"Uniwersytet Jagielloński w Krakowie; Wydział Filologiczny"
Filologia (filologia słowiańska - serbska);"Uniwersytet Jagielloński w Krakowie; Wydział Filologiczny"
Filologia (filologia słowiańska - słowacka);"Uniwersytet Jagielloński w Krakowie; Wydział Filologiczny"
Filologia (filologia angielska);"Uniwersytet Jagielloński w Krakowie; Wydział Filologiczny"
Filologia (filologia germańska);"Uniwersytet Jagielloński w Krakowie; Wydział Filologiczny"
Filologia (filologia hiszpańska);"Uniwersytet Jagielloński w Krakowie; Wydział Filologiczny"
Filologia (filologia portugalska);"Uniwersytet Jagielloński w Krakowie; Wydział Filologiczny"
Filologia (filologia romańska);"Uniwersytet Jagielloński w Krakowie; Wydział Filologiczny"
Filologia (filologia rosyjska);"Uniwersytet Jagielloński w Krakowie; Wydział Filologiczny"
Filologia (filologia klasyczna);"Uniwersytet Jagielloński w Krakowie; Wydział Filologiczny"
Filologia (filologia orientalna - arabistyka);"Uniwersytet Jagielloński w Krakowie; Wydział Filologiczny"
Filologia (filologia orientalna - indianistyka);"Uniwersytet Jagielloński w Krakowie; Wydział Filologiczny"
Filologia (filologia orientalna - iranistyka);"Uniwersytet Jagielloński w Krakowie; Wydział Filologiczny"
Filologia (filologia orientalna - turkologia);"Uniwersytet Jagielloński w Krakowie; Wydział Filologiczny"
Filologia (filologia słowiańska - bułgarska);"Uniwersytet Jagielloński w Krakowie; Wydział Filologiczny"
Filologia (filologia ukraińska);"Uniwersytet Jagielloński w Krakowie; Wydział Filologiczny"
Filologia (filologia węgierska);"Uniwersytet Jagielloński w Krakowie; Wydział Filologiczny"
Filologia (filologia włoska);"Uniwersytet Jagielloński w Krakowie; Wydział Filologiczny"
Filologia (filologia orientalna - japonistyka);"Uniwersytet Jagielloński w Krakowie; Wydział Filologiczny"
Filologia (filologia szwedzka);"Uniwersytet Jagielloński w Krakowie; Wydział Filologiczny"
Filologia (nie określono specjalności);"Uniwersytet Łódzki; Wydział Filologiczny"
Filologia (nie określono specjalności);"Uniwersytet Szczeciński; Wydział Filologiczny"
Filologia (filologia rosyjska);"Uniwersytet Śląski w Katowicach; Wydział Filologiczny"
Filologia (nie określono specjalności);"Uniwersytet Kazimierza Wielkiego w Bydgoszczy; Wydział Humanistyczny"
Filologia (bałtystyka );"Uniwersytet Warszawski; Wydział Polonistyki"
Filologia (filologia klasyczna );"Uniwersytet Warszawski; Wydział Polonistyki"
Filologia (nie określono specjalności);"Uniwersytet im. Adama Mickiewicza w Poznaniu; Wydział Neofilologii"
Filologia polska;"Uniwersytet Warszawski; Wydział Polonistyki"
Filologia polska;"Uniwersytet Gdański; Wydział Filologiczny"
Filologia polska;"Uniwersytet im. Adama Mickiewicza w Poznaniu; Wydział Filologii Polskiej i Klasycznej"
Filologia polska;"Uniwersytet Jagielloński w Krakowie; Wydział Polonistyki"
Filologia polska;"Uniwersytet Łódzki; Wydział Filologiczny"
Filologia polska;"Uniwersytet Mikołaja Kopernika w Toruniu; Wydział Filologiczny"
Filologia polska;"Uniwersytet Szczeciński; Wydział Filologiczny"
Filologia polska;"Uniwersytet Śląski w Katowicach; Wydział Filologiczny"
Filologia polska;"Uniwersytet Kardynała Stefana Wyszyńskiego w Warszawie; Wydział Nauk Humanistycznych"
Filologia polska;"Akademia im. Jana Długosza w Częstochowie; Wydział Filologiczno-Historyczny"
Filologia polska;"Uniwersytet Wrocławski; Wydział Filologiczny"
Filozofia;"Uniwersytet Warszawski; Wydział Filozofii i Socjologii"
Filozofia;"Uniwersytet im. Adama Mickiewicza w Poznaniu; Wydział Nauk Społecznych"
Filozofia;"Uniwersytet Jagielloński w Krakowie; Wydział Filozoficzny"
Filozofia;"Uniwersytet Łódzki; Wydział Filozoficzno-Historyczny"
Filozofia;"Uniwersytet Szczeciński; Wydział Humanistyczny"
Filozofia;"Uniwersytet Kardynała Stefana Wyszyńskiego w Warszawie; Wydział Filozofii Chrześcijańskiej"
Filozofia;"Uniwersytet Wrocławski; Wydział Nauk Społecznych"
Finanse i rachunkowość;"Uniwersytet Warszawski; Wydział Nauk Ekonomicznych"
Finanse i rachunkowość;"Uniwersytet Łódzki; Wydział Ekonomiczno-Socjologiczny"
Finanse i rachunkowość;"Uniwersytet Szczeciński; Wydział Nauk Ekonomicznych i Zarządzania"
Finanse i rachunkowość;"Uniwersytet Ekonomiczny we Wrocławiu; Wydział Zarządzania, Informatyki i Finansów"
Finanse i rachunkowość;"Uniwersytet Ekonomiczny we Wrocławiu; Wydział Nauk Ekonomicznych"
Fizjoterapia;"Uniwersytet Jagielloński w Krakowie; Collegium Medicum; Wydział Nauk o Zdrowiu"
Fizjoterapia;"Akademia Wychowania Fizycznego im. Jerzego Kukuczki w Katowicach; Wydział Fizjoterapii"
Fizjoterapia;"Akademia Wychowania Fizycznego im. Bronisława Czecha w Krakowie; Wydział Rehabilitacji Ruchowej"
Fizyka;"Uniwersytet Warszawski; Wydział Fizyki"
Fizyka;"Uniwersytet im. Adama Mickiewicza w Poznaniu; Wydział Fizyki"
Fizyka;"Uniwersytet Jagielloński w Krakowie; Wydział Fizyki, Astronomii i Informatyki Stosowanej"
Fizyka;"Uniwersytet Łódzki; Wydział Fizyki i Informatyki Stosowanej"
Fizyka;"Uniwersytet Szczeciński; Wydział Matematyczno-Fizyczny"
Fizyka;"Uniwersytet Śląski w Katowicach; Wydział Matematyki, Fizyki i Chemii"
Fizyka;"Uniwersytet Wrocławski; Wydział Fizyki i Astronomii"
Fizyka techniczna;"Uniwersytet Mikołaja Kopernika w Toruniu; Wydział Fizyki, Astronomii i Informatyki Stosowanej"
Fizyka techniczna;"Politechnika Warszawska; Wydział Fizyki"
Fizyka techniczna;"Politechnika Łódzka; Wydział Fizyki Technicznej, Informatyki i Matematyki Stosowanej"
Fizyka techniczna;"Politechnika Krakowska im. Tadeusza Kościuszki; Wydział Fizyki, Matematyki i Informatyki"
Fizyka techniczna;"Politechnika Poznańska; Wydział Fizyki Technicznej"
Geodezja i kartografia;"Politechnika Warszawska; Wydział Geodezji i Kartografii"
Geografia;"Uniwersytet im. Adama Mickiewicza w Poznaniu; Wydział Nauk Geograficznych i Geologicznych"
Geografia;"Uniwersytet Jagielloński w Krakowie; Wydział Biologii i Nauk o Ziemi"
Geografia;"Uniwersytet Szczeciński; Wydział Nauk o Ziemi"
Geologia;"Uniwersytet Warszawski; Wydział Geologii"
Geologia;"Uniwersytet Jagielloński w Krakowie; Wydział Biologii i Nauk o Ziemi"
Geologia;"Uniwersytet Śląski w Katowicach; Wydział Nauk o Ziemi"
Gospodarka przestrzenna;"Uniwersytet im. Adama Mickiewicza w Poznaniu; Wydział Nauk Geograficznych i Geologicznych"
Gospodarka przestrzenna;"Uniwersytet Łódzki; Wydział Ekonomiczno-Socjologiczny"
Gospodarka przestrzenna;"Politechnika Wrocławska; Wydział Architektury"
Górnictwo i geologia;"Politechnika Śląska; Wydział Górnictwa i Geologii"
Górnictwo i geologia;"Politechnika Wrocławska; Wydział Geoinżynierii, Górnictwa i Geologii"
Grafika;"Uniwersytet Marii Curie-Skłodowskiej w Lublinie; Wydział Artystyczny"
Grafika;"Uniwersytet Marii Curie-Skłodowskiej w Lublinie; Wydział Artystyczny"
Grafika;"Uniwersytet Śląski w Katowicach; Wydział Artystyczny"
Grafika;"Uniwersytet Śląski w Katowicach; Wydział Artystyczny"
Grafika;"Uniwersytet Śląski w Katowicach; Wydział Artystyczny"
Grafika;"Akademia Sztuk Pięknych w Warszawie; Wydział Grafiki"
Grafika;"Akademia Sztuk Pięknych w Warszawie; Wydział Grafiki"
Grafika;"Uniwersytet Mikołaja Kopernika w Toruniu; Wydział Sztuk Pięknych"
Grafika;"Uniwersytet Mikołaja Kopernika w Toruniu; Wydział Sztuk Pięknych"
Grafika;"Akademia Sztuk Pięknych im. Eugeniusza Gepperta we Wrocławiu; Wydział Grafiki i Sztuki Mediów"
Grafika;"Akademia Sztuk Pięknych im. Eugeniusza Gepperta we Wrocławiu; Wydział Grafiki i Sztuki Mediów"
Grafika;"Akademia Sztuk Pięknych w Gdańsku; Wydział Grafiki"
Grafika;"Akademia Sztuk Pięknych w Katowicach; Wydział Artystyczny"
Grafika;"Akademia Sztuk Pięknych w Katowicach; Wydział Artystyczny"
Grafika;"Akademia Sztuk Pięknych w Katowicach; Wydział Projektowy"
Grafika;"Uniwersytet Rzeszowski; Wydział Sztuki"
Grafika;"Uniwersytet Rzeszowski; Wydział Sztuki"
Grafika;"Akademia Sztuk Pięknych im. Jana Matejki w Krakowie; Wydział Grafiki"
Grafika;"Akademia Sztuk Pięknych im. Jana Matejki w Krakowie; Wydział Grafiki"
Grafika;"Akademia Sztuk Pięknych im. Władysława Strzemińskiego w Łodzi; Wydział Grafiki i Malarstwa"
Grafika;"Akademia Sztuk Pięknych im. Władysława Strzemińskiego w Łodzi; Wydział Grafiki i Malarstwa"
Grafika;"Uniwersytet Artystyczny w Poznaniu; Wydział Grafiki i Komunikacji Wizualnej"
Grafika;"Uniwersytet Artystyczny w Poznaniu; Wydział Grafiki i Komunikacji Wizualnej"
Grafika;"Uniwersytet Artystyczny w Poznaniu; Wydział Grafiki i Komunikacji Wizualnej"
Grafika;"Wyższa Szkoła Techniczna w Katowicach; Wydział Architektury, Budownictwa i Sztuk Stosowanych"
Grafika;"Wyższa Szkoła Techniczna w Katowicach; Wydział Architektury, Budownictwa i Sztuk Stosowanych"
Grafika;"Wyższa Szkoła Techniczna w Katowicach; Wydział Architektury, Budownictwa i Sztuk Stosowanych"
Historia;"Uniwersytet Warszawski; Wydział Historyczny"
Historia;"Uniwersytet im. Adama Mickiewicza w Poznaniu; Wydział Historyczny"
Historia;"Uniwersytet Jagielloński w Krakowie; Wydział Historyczny"
Historia;"Uniwersytet Łódzki; Wydział Filozoficzno-Historyczny"
Historia;"Uniwersytet Mikołaja Kopernika w Toruniu; Wydział Nauk Historycznych"
Historia;"Uniwersytet Szczeciński; Wydział Humanistyczny"
Historia;"Uniwersytet Śląski w Katowicach; Wydział Nauk Społecznych"
Historia;"Uniwersytet Kardynała Stefana Wyszyńskiego w Warszawie; Wydział Nauk Historycznych i Społecznych"
Historia;"Akademia im. Jana Długosza w Częstochowie; Wydział Filologiczno-Historyczny"
Historia sztuki;"Uniwersytet Warszawski; Wydział Historyczny"
Historia sztuki;"Uniwersytet im. Adama Mickiewicza w Poznaniu; Wydział Historyczny"
Historia sztuki;"Uniwersytet Jagielloński w Krakowie; Wydział Historyczny"
Historia sztuki;"Uniwersytet Łódzki; Wydział Filozoficzno-Historyczny"
Historia sztuki;"Uniwersytet Mikołaja Kopernika w Toruniu; Wydział Nauk Historycznych"
Historia sztuki;"Uniwersytet Wrocławski; Wydział Nauk Historycznych i Pedagogicznych"
Historia sztuki;"Uniwersytet Kardynała Stefana Wyszyńskiego w Warszawie; Wydział Nauk Historycznych i Społecznych"
indywidualne studia międzyobszarowe w obszarach nauk humanistycznych i nauk społecznych [do 2014-03-18 indywidualne międzyobszarowe studia humanistyczne ];"Uniwersytet Warszawski; Instytut Ameryk i Europy
Uniwersytet Warszawski; Wydział ""Artes Liberales""
Uniwersytet Warszawski; Wydział Dziennikarstwa i Nauk Politycznych
Uniwersytet Warszawski; Wydział Filozofii i Socjologii
Uniwersytet Warszawski; Wydział Geografii i Studiów Regionalnych
Uniwersytet Warszawski; Wydział Historyczny
Uniwersytet Warszawski; Wydział Lingwistyki Stosowanej
Uniwersytet Warszawski; Wydział Nauk Ekonomicznych
Uniwersytet Warszawski; Wydział Neofilologii
Uniwersytet Warszawski; Wydział Orientalistyczny
Uniwersytet Warszawski; Wydział Pedagogiczny
Uniwersytet Warszawski; Wydział Polonistyki
Uniwersytet Warszawski; Wydział Prawa i Administracji
Uniwersytet Warszawski; Wydział Psychologii
Uniwersytet Warszawski; Wydział Stosowanych Nauk Społecznych i Resocjalizacji"
indywidualne studia międzyobszarowe w obszarach nauk humanistycznych i nauk społecznych [do 2014-03-18 indywidualne międzyobszarowe studia humanistyczne ];"Uniwersytet Warszawski; Instytut Ameryk i Europy
Uniwersytet Warszawski; Wydział ""Artes Liberales""
Uniwersytet Warszawski; Wydział Dziennikarstwa i Nauk Politycznych
Uniwersytet Warszawski; Wydział Filozofii i Socjologii
Uniwersytet Warszawski; Wydział Geografii i Studiów Regionalnych
Uniwersytet Warszawski; Wydział Historyczny
Uniwersytet Warszawski; Wydział Lingwistyki Stosowanej
Uniwersytet Warszawski; Wydział Nauk Ekonomicznych
Uniwersytet Warszawski; Wydział Neofilologii
Uniwersytet Warszawski; Wydział Orientalistyczny
Uniwersytet Warszawski; Wydział Pedagogiczny
Uniwersytet Warszawski; Wydział Polonistyki
Uniwersytet Warszawski; Wydział Prawa i Administracji
Uniwersytet Warszawski; Wydział Psychologii
Uniwersytet Warszawski; Wydział Stosowanych Nauk Społecznych i Resocjalizacji"
indywidualne studia międzyobszarowe w obszarach nauk ścisłych, nauk przyrodniczych i nauk społecznych [do 2014-03-18 indywidualne międzyobszarowe studia matematyczno-przyrodnicze ];"Uniwersytet Warszawski; Wydział Biologii
Uniwersytet Warszawski; Wydział Chemii
Uniwersytet Warszawski; Wydział Fizyki
Uniwersytet Warszawski; Wydział Geografii i Studiów Regionalnych
Uniwersytet Warszawski; Wydział Geologii
Uniwersytet Warszawski; Wydział Matematyki, Informatyki i Mechaniki
Uniwersytet Warszawski; Wydział Psychologii"
indywidualne studia międzyobszarowe w obszarach nauk ścisłych, nauk przyrodniczych i nauk społecznych [do 2014-03-18 indywidualne międzyobszarowe studia matematyczno-przyrodnicze ];"Uniwersytet Warszawski; Wydział Biologii
Uniwersytet Warszawski; Wydział Chemii
Uniwersytet Warszawski; Wydział Fizyki
Uniwersytet Warszawski; Wydział Geografii i Studiów Regionalnych
Uniwersytet Warszawski; Wydział Geologii
Uniwersytet Warszawski; Wydział Matematyki, Informatyki i Mechaniki
Uniwersytet Warszawski; Wydział Psychologii"
Informacja naukowa i bibliotekoznawstwo;"Uniwersytet Jagielloński w Krakowie; Wydział Zarządzania i Komunikacji Społecznej"
Informatyka;"Uniwersytet Warszawski; Wydział Matematyki, Informatyki i Mechaniki"
Informatyka;"Uniwersytet im. Adama Mickiewicza w Poznaniu; Wydział Matematyki i Informatyki"
Informatyka;"Uniwersytet Jagielloński w Krakowie; Wydział Fizyki, Astronomii i Informatyki Stosowanej"
Informatyka;"Uniwersytet Jagielloński w Krakowie; Wydział Matematyki i Informatyki"
Informatyka;"Uniwersytet Łódzki; Wydział Matematyki i Informatyki"
Informatyka;"Uniwersytet Łódzki; Wydział Fizyki i Informatyki Stosowanej"
Informatyka;"Politechnika Warszawska; Wydział Matematyki i Nauk Informacyjnych"
Informatyka;"Politechnika Warszawska; Wydział Elektryczny"
Informatyka;"Politechnika Warszawska; Wydział Elektroniki i Technik Informacyjnych"
Informatyka;"Politechnika Śląska; Wydział Automatyki, Elektroniki i Informatyki"
Informatyka;"Politechnika Krakowska im. Tadeusza Kościuszki; Wydział Inżynierii Lądowej"
Informatyka;"Politechnika Krakowska im. Tadeusza Kościuszki; Wydział Fizyki, Matematyki i Informatyki"
Informatyka;"Politechnika Krakowska im. Tadeusza Kościuszki; Wydział Mechaniczny"
Informatyka;"Politechnika Łódzka; Wydział Fizyki Technicznej, Informatyki i Matematyki Stosowanej"
Informatyka;"Politechnika Łódzka; Wydział Elektrotechniki, Elektroniki, Informatyki i Automatyki"
Informatyka;"Politechnika Wrocławska; Wydział Elektroniki"
Informatyka;"Politechnika Wrocławska; Wydział Informatyki i Zarządzania"
Informatyka;"Uniwersytet Wrocławski; Wydział Matematyki i Informatyki"
Informatyka;"Politechnika Poznańska; Wydział Informatyki"
Informatyka;"Politechnika Poznańska; Wydział Elektryczny"
Informatyka;"Politechnika Koszalińska; Wydział Elektroniki i Informatyki"
Informatyka i ekonometria;"Uniwersytet Warszawski; Wydział Nauk Ekonomicznych"
Informatyka i ekonometria;"Uniwersytet Łódzki; Wydział Ekonomiczno-Socjologiczny"
Informatyka i ekonometria;"Uniwersytet Szczeciński; Wydział Nauk Ekonomicznych i Zarządzania"
Informatyka i ekonometria;"Uniwersytet Zielonogórski; Wydział Matematyki, Informatyki i Ekonometrii"
Informatyka i ekonometria;"Uniwersytet Ekonomiczny we Wrocławiu; Wydział Zarządzania, Informatyki i Finansów"
Instrumentalistyka;"Akademia Muzyczna im. Stanisława Moniuszki w Gdańsku; Wydział Instrumentalny"
Inżynieria chemiczna i procesowa;"Politechnika Śląska; Wydział Chemiczny"
Inżynieria chemiczna i procesowa;"Politechnika Krakowska im. Tadeusza Kościuszki; Wydział Inżynierii i Technologii Chemicznej"
Inżynieria chemiczna i procesowa;"Politechnika Warszawska; Wydział Inżynierii Chemicznej i Procesowej"
Inżynieria chemiczna i procesowa;"Politechnika Warszawska; Wydział Inżynierii Chemicznej i Procesowej"
Inżynieria chemiczna i procesowa;"Politechnika Łódzka; Wydział Inżynierii Procesowej i Ochrony Środowiska"
Inżynieria chemiczna i procesowa;"Politechnika Wrocławska; Wydział Chemiczny"
Inżynieria materiałowa;"Uniwersytet Jagielloński w Krakowie; Wydział Fizyki, Astronomii i Informatyki Stosowanej"
Inżynieria materiałowa;"Politechnika Warszawska; Wydział Inżynierii Materiałowej"
Inżynieria materiałowa;"Politechnika Częstochowska; Wydział Inżynierii Produkcji i Technologii Materiałów"
Inżynieria materiałowa;"Politechnika Śląska; Wydział Inżynierii Materiałowej i Metalurgii"
Inżynieria materiałowa;"Politechnika Łódzka; Wydział Chemiczny"
Inżynieria materiałowa;"Politechnika Krakowska im. Tadeusza Kościuszki; Wydział Mechaniczny"
Inżynieria materiałowa;"Politechnika Wrocławska; Wydział Chemiczny"
Inżynieria materiałowa;"Politechnika Poznańska; Wydział Budowy Maszyn i Zarządzania"
Inżynieria środowiska;"Politechnika Warszawska; Wydział Inżynierii Środowiska"
Inżynieria środowiska;"Politechnika Częstochowska; Wydział Inżynierii Środowiska i Biotechnologii"
Inżynieria środowiska;"Politechnika Lubelska; Wydział Inżynierii Środowiska"
Inżynieria środowiska;"Politechnika Łódzka; Wydział Budownictwa, Architektury i Inżynierii Środowiska"
Inżynieria środowiska;"Politechnika Łódzka; Wydział Inżynierii Procesowej i Ochrony Środowiska"
Inżynieria środowiska;"Politechnika Wrocławska; Wydział Inżynierii Środowiska"
Inżynieria środowiska;"Politechnika Poznańska; Wydział Budownictwa i Inżynierii Środowiska"
Kierunek lekarski;"Śląski Uniwersytet Medyczny w Katowicach; Wydział Lekarski z Oddziałem Lekarsko-Dentystycznym w Zabrzu"
Kierunek lekarski;"Śląski Uniwersytet Medyczny w Katowicach; Wydział Lekarski z Oddziałem Lekarsko-Dentystycznym w Zabrzu"
Kierunek lekarski;"Śląski Uniwersytet Medyczny w Katowicach; Wydział Lekarski z Oddziałem Lekarsko-Dentystycznym w Zabrzu"
Kierunek lekarski;"Śląski Uniwersytet Medyczny w Katowicach; Wydział Lekarski w Katowicach"
Kierunek lekarski;"Śląski Uniwersytet Medyczny w Katowicach; Wydział Lekarski w Katowicach"
Kierunek lekarski;"Śląski Uniwersytet Medyczny w Katowicach; Wydział Lekarski w Katowicach"
Kierunek lekarski;"Warszawski Uniwersytet Medyczny; I Wydział Lekarski"
Kierunek lekarski;"Warszawski Uniwersytet Medyczny; I Wydział Lekarski"
Kierunek lekarski;"Warszawski Uniwersytet Medyczny; I Wydział Lekarski"
Kierunek lekarski;"Warszawski Uniwersytet Medyczny; II Wydział Lekarski z Oddziałem Nauczania w Języku Angielskim, Oddziałem Fizjoterapii"
Kierunek lekarski;"Warszawski Uniwersytet Medyczny; II Wydział Lekarski z Oddziałem Nauczania w Języku Angielskim, Oddziałem Fizjoterapii"
Kierunek lekarski;"Warszawski Uniwersytet Medyczny; II Wydział Lekarski z Oddziałem Nauczania w Języku Angielskim, Oddziałem Fizjoterapii"
Kierunek lekarski;"Uniwersytet Warmińsko-Mazurski w Olsztynie; Wydział Nauk Medycznych"
Kierunek lekarski;"Uniwersytet Warmińsko-Mazurski w Olsztynie; Wydział Nauk Medycznych"
Kierunek lekarski;"Uniwersytet Mikołaja Kopernika w Toruniu; Collegium Medicum im. Ludwika Rydygiera w Bydgoszczy; Wydział Lekarski"
Kierunek lekarski;"Uniwersytet Mikołaja Kopernika w Toruniu; Collegium Medicum im. Ludwika Rydygiera w Bydgoszczy; Wydział Lekarski"
Kierunek lekarski;"Uniwersytet Mikołaja Kopernika w Toruniu; Collegium Medicum im. Ludwika Rydygiera w Bydgoszczy; Wydział Lekarski"
Kierunek lekarski;"Uniwersytet Medyczny w Łodzi; Wydział Lekarski"
Kierunek lekarski;"Uniwersytet Medyczny w Łodzi; Wydział Lekarski"
Kierunek lekarski;"Uniwersytet Medyczny w Łodzi; Wydział Lekarski"
Kierunek lekarski;"Uniwersytet Medyczny w Łodzi; Wydział Wojskowo-Lekarski"
Kierunek lekarski;"Uniwersytet Medyczny w Łodzi; Wydział Wojskowo-Lekarski"
Kierunek lekarski;"Uniwersytet Medyczny w Łodzi; Wydział Wojskowo-Lekarski"
Kierunek lekarski;"Uniwersytet Jagielloński w Krakowie; Collegium Medicum; Wydział Lekarski"
Kierunek lekarski;"Uniwersytet Jagielloński w Krakowie; Collegium Medicum; Wydział Lekarski"
Kierunek lekarski;"Uniwersytet Jagielloński w Krakowie; Collegium Medicum; Wydział Lekarski"
Kierunek lekarski;"Pomorski Uniwersytet Medyczny w Szczecinie; Wydział Lekarski z Oddziałem Nauczania w Języku Angielskim"
Kierunek lekarski;"Pomorski Uniwersytet Medyczny w Szczecinie; Wydział Lekarski z Oddziałem Nauczania w Języku Angielskim"
Kierunek lekarski;"Pomorski Uniwersytet Medyczny w Szczecinie; Wydział Lekarski z Oddziałem Nauczania w Języku Angielskim"
Kierunek lekarski;"Gdański Uniwersytet Medyczny; Wydział Lekarski"
Kierunek lekarski;"Gdański Uniwersytet Medyczny; Wydział Lekarski"
Kierunek lekarski;"Gdański Uniwersytet Medyczny; Wydział Lekarski"
Kierunek lekarski;"Uniwersytet Medyczny w Lublinie; I Wydział Lekarski z Oddziałem Stomatologicznym"
Kierunek lekarski;"Uniwersytet Medyczny w Lublinie; I Wydział Lekarski z Oddziałem Stomatologicznym"
Kierunek lekarski;"Uniwersytet Medyczny w Lublinie; I Wydział Lekarski z Oddziałem Stomatologicznym"
Kierunek lekarski;"Uniwersytet Medyczny w Lublinie; II Wydział Lekarski z Oddziałem Anglojęzycznym"
Kierunek lekarski;"Uniwersytet Medyczny w Lublinie; II Wydział Lekarski z Oddziałem Anglojęzycznym"
Kierunek lekarski;"Uniwersytet Medyczny w Lublinie; II Wydział Lekarski z Oddziałem Anglojęzycznym"
Kierunek lekarski;"Uniwersytet Medyczny im. Piastów Śląskich we Wrocławiu; Wydział Lekarski"
Kierunek lekarski;"Uniwersytet Medyczny im. Piastów Śląskich we Wrocławiu; Wydział Lekarski"
Kierunek lekarski;"Uniwersytet Medyczny im. Piastów Śląskich we Wrocławiu; Wydział Lekarski"
Kierunek lekarski;"Uniwersytet Medyczny w Białymstoku; Wydział Lekarski z Oddziałem Stomatologii i Oddziałem Nauczania w Języku Angielskim"
Kierunek lekarski;"Uniwersytet Medyczny w Białymstoku; Wydział Lekarski z Oddziałem Stomatologii i Oddziałem Nauczania w Języku Angielskim"
Kierunek lekarski;"Uniwersytet Medyczny w Białymstoku; Wydział Lekarski z Oddziałem Stomatologii i Oddziałem Nauczania w Języku Angielskim"
Kierunek lekarski;"Uniwersytet Medyczny im. Karola Marcinkowskiego w Poznaniu; Wydział Lekarski I"
Kierunek lekarski;"Uniwersytet Medyczny im. Karola Marcinkowskiego w Poznaniu; Wydział Lekarski I"
Kierunek lekarski;"Uniwersytet Medyczny im. Karola Marcinkowskiego w Poznaniu; Wydział Lekarski I"
Kierunek lekarski;"Uniwersytet Medyczny im. Karola Marcinkowskiego w Poznaniu; Wydział Lekarski I"
Kierunek lekarski;"Uniwersytet Medyczny im. Karola Marcinkowskiego w Poznaniu; Wydział Lekarski I"
Kierunek lekarsko - dentystyczny;"Śląski Uniwersytet Medyczny w Katowicach; Wydział Lekarski z Oddziałem Lekarsko-Dentystycznym w Zabrzu"
Kierunek lekarsko - dentystyczny;"Śląski Uniwersytet Medyczny w Katowicach; Wydział Lekarski z Oddziałem Lekarsko-Dentystycznym w Zabrzu"
Kierunek lekarsko - dentystyczny;"Śląski Uniwersytet Medyczny w Katowicach; Wydział Lekarski z Oddziałem Lekarsko-Dentystycznym w Zabrzu"
Kierunek lekarsko - dentystyczny;"Uniwersytet Medyczny w Łodzi; Wydział Lekarski"
Kierunek lekarsko - dentystyczny;"Uniwersytet Medyczny w Łodzi; Wydział Lekarski"
Kierunek lekarsko - dentystyczny;"Uniwersytet Medyczny w Łodzi; Wydział Lekarski"
Kierunek lekarsko - dentystyczny;"Uniwersytet Jagielloński w Krakowie; Collegium Medicum; Wydział Lekarski"
Kierunek lekarsko - dentystyczny;"Uniwersytet Jagielloński w Krakowie; Collegium Medicum; Wydział Lekarski"
Kierunek lekarsko - dentystyczny;"Uniwersytet Jagielloński w Krakowie; Collegium Medicum; Wydział Lekarski"
Kierunek lekarsko - dentystyczny;"Pomorski Uniwersytet Medyczny w Szczecinie; Wydział Lekarsko-Stomatologiczny"
Kierunek lekarsko - dentystyczny;"Pomorski Uniwersytet Medyczny w Szczecinie; Wydział Lekarsko-Stomatologiczny"
Kierunek lekarsko - dentystyczny;"Pomorski Uniwersytet Medyczny w Szczecinie; Wydział Lekarsko-Stomatologiczny"
Kierunek lekarsko - dentystyczny;"Gdański Uniwersytet Medyczny; Wydział Lekarski"
Kierunek lekarsko - dentystyczny;"Gdański Uniwersytet Medyczny; Wydział Lekarski"
Kierunek lekarsko - dentystyczny;"Gdański Uniwersytet Medyczny; Wydział Lekarski"
Kierunek lekarsko - dentystyczny;"Uniwersytet Medyczny w Lublinie; I Wydział Lekarski z Oddziałem Stomatologicznym"
Kierunek lekarsko - dentystyczny;"Uniwersytet Medyczny w Lublinie; I Wydział Lekarski z Oddziałem Stomatologicznym"
Kierunek lekarsko - dentystyczny;"Uniwersytet Medyczny w Lublinie; I Wydział Lekarski z Oddziałem Stomatologicznym"
Kierunek lekarsko - dentystyczny;"Uniwersytet Medyczny w Białymstoku; Wydział Lekarski z Oddziałem Stomatologii i Oddziałem Nauczania w Języku Angielskim"
Kierunek lekarsko - dentystyczny;"Uniwersytet Medyczny w Białymstoku; Wydział Lekarski z Oddziałem Stomatologii i Oddziałem Nauczania w Języku Angielskim"
Kierunek lekarsko - dentystyczny;"Uniwersytet Medyczny w Białymstoku; Wydział Lekarski z Oddziałem Stomatologii i Oddziałem Nauczania w Języku Angielskim"
Kierunek lekarsko - dentystyczny;"Uniwersytet Medyczny im. Piastów Śląskich we Wrocławiu; Wydział Lekarsko-Stomatologiczny"
Kierunek lekarsko - dentystyczny;"Uniwersytet Medyczny im. Piastów Śląskich we Wrocławiu; Wydział Lekarsko-Stomatologiczny"
Kierunek lekarsko - dentystyczny;"Uniwersytet Medyczny im. Piastów Śląskich we Wrocławiu; Wydział Lekarsko-Stomatologiczny"
Kierunek lekarsko - dentystyczny;"Uniwersytet Medyczny im. Karola Marcinkowskiego w Poznaniu; Wydział Lekarski II"
Kierunek lekarsko - dentystyczny;"Uniwersytet Medyczny im. Karola Marcinkowskiego w Poznaniu; Wydział Lekarski II"
Kierunek lekarsko - dentystyczny;"Uniwersytet Medyczny im. Karola Marcinkowskiego w Poznaniu; Wydział Lekarski II"
Kierunek lekarsko - dentystyczny;"Uniwersytet Medyczny im. Karola Marcinkowskiego w Poznaniu; Wydział Lekarski II"
Kierunek lekarsko - dentystyczny;"Uniwersytet Medyczny im. Karola Marcinkowskiego w Poznaniu; Wydział Lekarski II"
Kierunek lekarsko - dentystyczny;"Warszawski Uniwersytet Medyczny; Wydział Lekarsko-Dentystyczny"
Kierunek lekarsko - dentystyczny;"Warszawski Uniwersytet Medyczny; Wydział Lekarsko-Dentystyczny"
Kierunek lekarsko - dentystyczny;"Warszawski Uniwersytet Medyczny; Wydział Lekarsko-Dentystyczny"
Kognitywistyka;"Uniwersytet im. Adama Mickiewicza w Poznaniu; Wydział Nauk Społecznych"
Kognitywistyka;"Uniwersytet im. Adama Mickiewicza w Poznaniu; Wydział Nauk Społecznych"
Kompozycja i teoria muzyki;"Akademia Muzyczna im. Stanisława Moniuszki w Gdańsku; Wydział Dyrygentury, Kompozycji i Teorii Muzyki"
Konserwacja i restauracja dzieł sztuki;"Akademia Sztuk Pięknych w Warszawie; Wydział Konserwacji i Restauracji Dzieł Sztuki"
Konserwacja i restauracja dzieł sztuki;"Akademia Sztuk Pięknych w Warszawie; Wydział Konserwacji i Restauracji Dzieł Sztuki"
Konserwacja i restauracja dzieł sztuki;"Uniwersytet Mikołaja Kopernika w Toruniu; Wydział Sztuk Pięknych"
Konserwacja i restauracja dzieł sztuki;"Uniwersytet Mikołaja Kopernika w Toruniu; Wydział Sztuk Pięknych"
Konserwacja i restauracja dzieł sztuki;"Akademia Sztuk Pięknych im. Jana Matejki w Krakowie; Wydział Konserwacji i Restauracji Dzieł Sztuki"
Konserwacja i restauracja dzieł sztuki;"Akademia Sztuk Pięknych im. Jana Matejki w Krakowie; Wydział Konserwacji i Restauracji Dzieł Sztuki"
Konserwacja i restauracja dzieł sztuki;"Akademia Sztuk Pięknych im. Eugeniusza Gepperta we Wrocławiu; Wydział Ceramiki i Szkła"
Kulturoznawstwo;"Uniwersytet Warszawski; Wydział Neofilologii"
Kulturoznawstwo;"Uniwersytet Warszawski; Wydział Polonistyki"
Kulturoznawstwo;"Uniwersytet Warszawski; Wydział Orientalistyczny"
Kulturoznawstwo;"Uniwersytet im. Adama Mickiewicza w Poznaniu; Wydział Nauk Społecznych"
Kulturoznawstwo;"Uniwersytet Jagielloński w Krakowie; Wydział Studiów Międzynarodowych i Politycznych"
Kulturoznawstwo;"Uniwersytet Jagielloński w Krakowie; Wydział Zarządzania i Komunikacji Społecznej"
Kulturoznawstwo;"Uniwersytet Jagielloński w Krakowie; Wydział Historyczny"
Kulturoznawstwo;"Uniwersytet Łódzki; Wydział Filologiczny"
Kulturoznawstwo;"Uniwersytet Śląski w Katowicach; Wydział Filologiczny"
Kulturoznawstwo;"Uniwersytet Wrocławski; Wydział Nauk Historycznych i Pedagogicznych"
Lotnictwo i Kosmonautyka;"Politechnika Warszawska; Wydział Mechaniczny Energetyki i Lotnictwa"
Makrokierunek - automatyka i robot.,elektronika i telekom., informatyka;"Politechnika Śląska; Wydział Automatyki, Elektroniki i Informatyki"
Makrokierunek - automatyka i zarządzanie;"Politechnika Poznańska; Wydział Informatyki"
Makrokierunek - elektronika, informatyka i telekomunikacja;"Politechnika Warszawska; Wydział Elektroniki i Technik Informacyjnych"
Makrokierunek - technologia i inżynieria chemiczna;"Politechnika Śląska; Wydział Chemiczny"
Malarstwo;"Uniwersytet Marii Curie-Skłodowskiej w Lublinie; Wydział Artystyczny"
Malarstwo;"Uniwersytet Marii Curie-Skłodowskiej w Lublinie; Wydział Artystyczny"
Malarstwo;"Uniwersytet Pedagogiczny im. Komisji Edukacji Narodowej w Krakowie; Wydział Sztuki"
Malarstwo;"Uniwersytet Pedagogiczny im. Komisji Edukacji Narodowej w Krakowie; Wydział Sztuki"
Malarstwo;"Akademia Sztuk Pięknych im. Eugeniusza Gepperta we Wrocławiu; Wydział Malarstwa i Rzeźby"
Malarstwo;"Akademia Sztuk Pięknych im. Eugeniusza Gepperta we Wrocławiu; Wydział Malarstwa i Rzeźby"
Malarstwo;"Akademia Sztuk Pięknych im. Eugeniusza Gepperta we Wrocławiu; Wydział Malarstwa i Rzeźby"
Malarstwo;"Akademia Sztuk Pięknych w Warszawie; Wydział Malarstwa"
Malarstwo;"Akademia Sztuk Pięknych w Warszawie; Wydział Malarstwa"
Malarstwo;"Uniwersytet Mikołaja Kopernika w Toruniu; Wydział Sztuk Pięknych"
Malarstwo;"Uniwersytet Mikołaja Kopernika w Toruniu; Wydział Sztuk Pięknych"
Malarstwo;"Akademia Sztuk Pięknych w Gdańsku; Wydział Malarstwa"
Malarstwo;"Akademia Sztuk Pięknych w Gdańsku; Wydział Malarstwa"
Malarstwo;"Akademia Sztuk Pięknych w Katowicach; Wydział Artystyczny"
Malarstwo;"Akademia Sztuk Pięknych w Katowicach; Wydział Artystyczny"
Malarstwo;"Akademia Sztuk Pięknych im. Jana Matejki w Krakowie; Wydział Malarstwa"
Malarstwo;"Akademia Sztuk Pięknych im. Jana Matejki w Krakowie; Wydział Malarstwa"
Malarstwo;"Akademia Sztuk Pięknych im. Władysława Strzemińskiego w Łodzi; Wydział Grafiki i Malarstwa"
Malarstwo;"Akademia Sztuk Pięknych im. Władysława Strzemińskiego w Łodzi; Wydział Grafiki i Malarstwa"
Malarstwo;"Uniwersytet Artystyczny w Poznaniu; Wydział Malarstwa"
Malarstwo;"Uniwersytet Artystyczny w Poznaniu; Wydział Malarstwa"
Matematyka;"Uniwersytet Warszawski; Wydział Matematyki, Informatyki i Mechaniki"
Matematyka;"Uniwersytet im. Adama Mickiewicza w Poznaniu; Wydział Matematyki i Informatyki"
Matematyka;"Uniwersytet Jagielloński w Krakowie; Wydział Matematyki i Informatyki"
Matematyka;"Uniwersytet Łódzki; Wydział Matematyki i Informatyki"
Matematyka;"Uniwersytet Szczeciński; Wydział Matematyczno-Fizyczny"
Matematyka;"Politechnika Warszawska; Wydział Matematyki i Nauk Informacyjnych"
Matematyka;"Politechnika Śląska; Wydział Matematyki Stosowanej"
Matematyka;"Politechnika Krakowska im. Tadeusza Kościuszki; Wydział Fizyki, Matematyki i Informatyki"
Matematyka;"Politechnika Łódzka; Wydział Fizyki Technicznej, Informatyki i Matematyki Stosowanej"
Matematyka;"Uniwersytet Wrocławski; Wydział Matematyki i Informatyki"
Mechanika i budowa maszyn;"Politechnika Warszawska; Wydział Mechatroniki"
Mechanika i budowa maszyn;"Politechnika Warszawska; Wydział Samochodów i Maszyn Roboczych"
Mechanika i budowa maszyn;"Politechnika Warszawska; Wydział Inżynierii Produkcji"
Mechanika i budowa maszyn;"Politechnika Warszawska; Wydział Mechaniczny Energetyki i Lotnictwa"
Mechanika i budowa maszyn;"Politechnika Warszawska; Wydział Mechaniczny Energetyki i Lotnictwa"
Mechanika i budowa maszyn;"Politechnika Częstochowska; Wydział Inżynierii Mechanicznej i Informatyki"
Mechanika i budowa maszyn;"Politechnika Śląska; Wydział Mechaniczny Technologiczny"
Mechanika i budowa maszyn;"Politechnika Krakowska im. Tadeusza Kościuszki; Wydział Mechaniczny"
Mechanika i budowa maszyn;"Politechnika Łódzka; Wydział Mechaniczny"
Mechanika i budowa maszyn;"Politechnika Poznańska; Wydział Maszyn Roboczych i Transportu"
Mechanika i budowa maszyn;"Politechnika Poznańska; Wydział Budowy Maszyn i Zarządzania"
Mechanika i budowa maszyn;"Politechnika Koszalińska; Wydział Mechaniczny"
Metalurgia;"Politechnika Częstochowska; Wydział Inżynierii Produkcji i Technologii Materiałów"
Muzykologia;"Uniwersytet im. Adama Mickiewicza w Poznaniu; Wydział Historyczny"
Muzykologia;"Uniwersytet Jagielloński w Krakowie; Wydział Historyczny"
Nauki o rodzinie;"Uniwersytet Kardynała Stefana Wyszyńskiego w Warszawie; Wydział Studiów nad Rodziną"
Ochrona środowiska;"Uniwersytet Łódzki; Wydział Biologii i Ochrony Środowiska"
Ochrona środowiska;"Uniwersytet Kardynała Stefana Wyszyńskiego w Warszawie; Wydział Filozofii Chrześcijańskiej"
Ochrona środowiska;"Politechnika Łódzka; Wydział Chemiczny"
Ochrona środowiska;"Uniwersytet Warszawski; Wydział Biologii
Uniwersytet Warszawski; Wydział Chemii
Uniwersytet Warszawski; Wydział Fizyki
Uniwersytet Warszawski; Wydział Geografii i Studiów Regionalnych
Uniwersytet Warszawski; Wydział Geologii
Uniwersytet Warszawski; Wydział Nauk Ekonomicznych
Uniwersytet Warszawski; Wydział Prawa i Administracji"
Ochrona środowiska;"Politechnika Wrocławska; Wydział Inżynierii Środowiska"
Papiernictwo i poligrafia;"Politechnika Warszawska; Wydział Inżynierii Produkcji"
Papiernictwo i poligrafia;"Politechnika Łódzka; Wydział Chemiczny"
Papiernictwo i poligrafia;"Politechnika Łódzka; Wydział Mechaniczny"
Pedagogika;"Uniwersytet Warszawski; Wydział Pedagogiczny"
Pedagogika;"Uniwersytet im. Adama Mickiewicza w Poznaniu; Wydział Studiów Edukacyjnych"
Pedagogika;"Uniwersytet Łódzki; Wydział Nauk o Wychowaniu"
Pedagogika;"Uniwersytet Mikołaja Kopernika w Toruniu; Wydział Nauk Pedagogicznych"
Pedagogika;"Uniwersytet Szczeciński; Wydział Humanistyczny"
Pedagogika;"Uniwersytet Śląski w Katowicach; Wydział Pedagogiki i Psychologii"
Pedagogika;"Uniwersytet Śląski w Katowicach; Wydział Etnologii i Nauk o Edukacji"
Pedagogika;"Uniwersytet Kardynała Stefana Wyszyńskiego w Warszawie; Wydział Nauk Pedagogicznych"
Pedagogika;"Katolicki Uniwersytet Lubelski Jana Pawła II w Lublinie; Wydział Nauk Społecznych"
Pedagogika;"Akademia Pedagogiki Specjalnej im. Marii Grzegorzewskiej w Warszawie; Wydział Nauk Pedagogicznych"
Pedagogika;"Uniwersytet Wrocławski; Wydział Nauk Historycznych i Pedagogicznych"
Pedagogika specjalna;"Uniwersytet im. Adama Mickiewicza w Poznaniu; Wydział Studiów Edukacyjnych"
Pedagogika specjalna;"Akademia Pedagogiki Specjalnej im. Marii Grzegorzewskiej w Warszawie; Wydział Nauk Pedagogicznych"
Politologia;"Uniwersytet Warszawski; Wydział Stosowanych Nauk Społecznych i Resocjalizacji"
Politologia;"Uniwersytet Warszawski; Wydział Dziennikarstwa i Nauk Politycznych"
Politologia;"Uniwersytet im. Adama Mickiewicza w Poznaniu; Wydział Nauk Politycznych i Dziennikarstwa"
Politologia;"Uniwersytet Jagielloński w Krakowie; Wydział Studiów Międzynarodowych i Politycznych"
Politologia;"Uniwersytet Szczeciński; Wydział Humanistyczny"
Politologia;"Uniwersytet Wrocławski; Wydział Nauk Społecznych"
Politologia;"Uniwersytet Kardynała Stefana Wyszyńskiego w Warszawie; Wydział Nauk Historycznych i Społecznych"
Prawo;"Szkoła Wyższa Psychologii Społecznej w Warszawie; Wydział Prawa i Nauk Społecznych"
Prawo;"Szkoła Wyższa Psychologii Społecznej w Warszawie; Wydział Prawa i Nauk Społecznych"
Prawo;"Szkoła Wyższa Psychologii Społecznej w Warszawie; Wydział Prawa i Nauk Społecznych"
Prawo;"Uniwersytet Marii Curie-Skłodowskiej w Lublinie; Wydział Prawa i Administracji"
Prawo;"Uniwersytet Marii Curie-Skłodowskiej w Lublinie; Wydział Prawa i Administracji"
Prawo;"Uniwersytet Marii Curie-Skłodowskiej w Lublinie; Wydział Prawa i Administracji"
Prawo;"Uniwersytet Łódzki; Wydział Prawa i Administracji"
Prawo;"Uniwersytet Łódzki; Wydział Prawa i Administracji"
Prawo;"Uniwersytet Łódzki; Wydział Prawa i Administracji"
Prawo;"Uniwersytet im. Adama Mickiewicza w Poznaniu; Wydział Prawa i Administracji"
Prawo;"Uniwersytet im. Adama Mickiewicza w Poznaniu; Wydział Prawa i Administracji"
Prawo;"Uniwersytet im. Adama Mickiewicza w Poznaniu; Wydział Prawa i Administracji"
Prawo;"Uniwersytet Gdański; Wydział Prawa i Administracji"
Prawo;"Uniwersytet Gdański; Wydział Prawa i Administracji"
Prawo;"Uniwersytet Gdański; Wydział Prawa i Administracji"
Prawo;"Uniwersytet Wrocławski; Wydział Prawa, Administracji i Ekonomii"
Prawo;"Uniwersytet Wrocławski; Wydział Prawa, Administracji i Ekonomii"
Prawo;"Uniwersytet Wrocławski; Wydział Prawa, Administracji i Ekonomii"
Prawo;"Uniwersytet Jagielloński w Krakowie; Wydział Prawa i Administracji"
Prawo;"Uniwersytet Jagielloński w Krakowie; Wydział Prawa i Administracji"
Prawo;"Uniwersytet Jagielloński w Krakowie; Wydział Prawa i Administracji"
Prawo;"Uniwersytet Śląski w Katowicach; Wydział Prawa i Administracji"
Prawo;"Uniwersytet Śląski w Katowicach; Wydział Prawa i Administracji"
Prawo;"Uniwersytet Śląski w Katowicach; Wydział Prawa i Administracji"
Prawo;"Uniwersytet Kardynała Stefana Wyszyńskiego w Warszawie; Wydział Prawa i Administracji"
Prawo;"Uniwersytet Kardynała Stefana Wyszyńskiego w Warszawie; Wydział Prawa i Administracji"
Prawo;"Uniwersytet Kardynała Stefana Wyszyńskiego w Warszawie; Wydział Prawa i Administracji"
Prawo;"Uniwersytet Warmińsko-Mazurski w Olsztynie; Wydział Prawa i Administracji"
Prawo;"Uniwersytet Warmińsko-Mazurski w Olsztynie; Wydział Prawa i Administracji"
Prawo;"Uniwersytet Warmińsko-Mazurski w Olsztynie; Wydział Prawa i Administracji"
Prawo;"Uczelnia Łazarskiego w Warszawie; Wydział Prawa i Administracji"
Prawo;"Uczelnia Łazarskiego w Warszawie; Wydział Prawa i Administracji"
Prawo;"Uczelnia Łazarskiego w Warszawie; Wydział Prawa i Administracji"
Prawo;"Uniwersytet Mikołaja Kopernika w Toruniu; Wydział Prawa i Administracji"
Prawo;"Uniwersytet Mikołaja Kopernika w Toruniu; Wydział Prawa i Administracji"
Prawo;"Uniwersytet Mikołaja Kopernika w Toruniu; Wydział Prawa i Administracji"
Prawo;"Uniwersytet Warszawski; Wydział Prawa i Administracji"
Prawo;"Uniwersytet Warszawski; Wydział Prawa i Administracji"
Prawo;"Uniwersytet Warszawski; Wydział Prawa i Administracji"
Prawo;"Wyższa Szkoła Ekonomii, Prawa i Nauk Medycznych im. prof. Edwarda Lipińskiego w Kielcach; Wydział Prawa"
Prawo;"Wyższa Szkoła Ekonomii, Prawa i Nauk Medycznych im. prof. Edwarda Lipińskiego w Kielcach; Wydział Prawa"
Prawo;"Wyższa Szkoła Ekonomii, Prawa i Nauk Medycznych im. prof. Edwarda Lipińskiego w Kielcach; Wydział Prawa"
Prawo;"Szkoła Wyższa Psychologii Społecznej w Warszawie; Wydział Zamiejscowy w Poznaniu"
Prawo;"Szkoła Wyższa Psychologii Społecznej w Warszawie; Wydział Zamiejscowy w Poznaniu"
Prawo;"Szkoła Wyższa Psychologii Społecznej w Warszawie; Wydział Zamiejscowy w Poznaniu"
Prawo;"Uniwersytet Szczeciński; Wydział Prawa i Administracji"
Prawo;"Uniwersytet Szczeciński; Wydział Prawa i Administracji"
Prawo;"Uniwersytet Szczeciński; Wydział Prawa i Administracji"
Prawo;"Uniwersytet Rzeszowski; Wydział Prawa i Administracji"
Prawo;"Uniwersytet Rzeszowski; Wydział Prawa i Administracji"
Prawo;"Uniwersytet Rzeszowski; Wydział Prawa i Administracji"
Prawo;"Wyższa Szkoła Finansów i Zarządzania w Warszawie; Wydział Prawa i Administracji"
Prawo;"Wyższa Szkoła Finansów i Zarządzania w Warszawie; Wydział Prawa i Administracji"
Prawo;"Wyższa Szkoła Finansów i Zarządzania w Warszawie; Wydział Prawa i Administracji"
Prawo;"Wyższa Szkoła Finansów i Prawa w Bielsku-Białej; Wydział Prawa i Nauk Społecznych"
Prawo;"Wyższa Szkoła Finansów i Prawa w Bielsku-Białej; Wydział Prawa i Nauk Społecznych"
Prawo;"Wyższa Szkoła Finansów i Prawa w Bielsku-Białej; Wydział Prawa i Nauk Społecznych"
Prawo;"Wyższa Szkoła Administracji i Biznesu im. Eugeniusza Kwiatkowskiego w Gdyni; Wydział Prawa i Administracji"
Prawo;"Wyższa Szkoła Administracji i Biznesu im. Eugeniusza Kwiatkowskiego w Gdyni; Wydział Prawa i Administracji"
Prawo;"Wyższa Szkoła Administracji i Biznesu im. Eugeniusza Kwiatkowskiego w Gdyni; Wydział Prawa i Administracji"
Prawo;"Wyższa Szkoła Prawa i Administracji w Przemyślu; Zamiejscowy Wydział Prawa i Administracji w Rzeszowie"
Prawo;"Wyższa Szkoła Prawa i Administracji w Przemyślu; Zamiejscowy Wydział Prawa i Administracji w Rzeszowie"
Prawo;"Wyższa Szkoła Prawa i Administracji w Przemyślu; Zamiejscowy Wydział Prawa i Administracji w Rzeszowie"
Prawo;"Wyższa Szkoła Humanitas w Sosnowcu; Wydział Administracji i Zarządzania"
Prawo;"Europejska Wyższa Szkoła Prawa i Administracji w Warszawie; Wydział Prawa"
Prawo;"Europejska Wyższa Szkoła Prawa i Administracji w Warszawie; Wydział Prawa"
Prawo;"Europejska Wyższa Szkoła Prawa i Administracji w Warszawie; Wydział Prawa"
Prawo;"Wyższa Szkoła Menedżerska w Legnicy; Wydział Prawa"
Prawo;"Wyższa Szkoła Menedżerska w Legnicy; Wydział Prawa"
Prawo;"Uniwersytet w Białymstoku; Wydział Prawa"
Prawo;"Uniwersytet w Białymstoku; Wydział Prawa"
Prawo;"Uniwersytet w Białymstoku; Wydział Prawa"
Prawo;"Wyższa Szkoła Pedagogiki i Administracji im. Mieszka I w Poznaniu; Wydział Prawa i Administracji"
Prawo;"Wyższa Szkoła Pedagogiki i Administracji im. Mieszka I w Poznaniu; Wydział Prawa i Administracji"
Prawo;"Wyższa Szkoła Pedagogiki i Administracji im. Mieszka I w Poznaniu; Wydział Prawa i Administracji"
Prawo;"Katolicki Uniwersytet Lubelski Jana Pawła II w Lublinie; Wydział Prawa, Prawa Kanonicznego i Administracji"
Prawo;"Katolicki Uniwersytet Lubelski Jana Pawła II w Lublinie; Wydział Prawa, Prawa Kanonicznego i Administracji"
Prawo;"Katolicki Uniwersytet Lubelski Jana Pawła II w Lublinie; Wydział Prawa, Prawa Kanonicznego i Administracji"
Prawo;"Katolicki Uniwersytet Lubelski Jana Pawła II w Lublinie; Wydział Zamiejscowy Nauk Prawnych i Ekonomicznych w Tomaszowie Lubelskim"
Prawo;"Katolicki Uniwersytet Lubelski Jana Pawła II w Lublinie; Wydział Zamiejscowy Nauk Prawnych i Ekonomicznych w Tomaszowie Lubelskim"
Prawo;"Uniwersytet Opolski; Wydział Prawa i Administracji"
Prawo;"Uniwersytet Opolski; Wydział Prawa i Administracji"
Prawo;"Uniwersytet Opolski; Wydział Prawa i Administracji"
Prawo;Akademia Leona Koźmińskiego w Warszawie
Prawo;Akademia Leona Koźmińskiego w Warszawie
Prawo;Akademia Leona Koźmińskiego w Warszawie
Prawo;"Wyższa Szkoła Menedżerska w Warszawie; Wydział Prawa i Administracji"
Prawo;"Wyższa Szkoła Menedżerska w Warszawie; Wydział Prawa i Administracji"
Prawo;"Wyższa Szkoła Menedżerska w Warszawie; Wydział Prawa i Administracji"
Prawo;"Wyższa Szkoła Umiejętności Społecznych w Poznaniu; Wydział Prawa i Komunikacji Społecznej"
Prawo;"Wyższa Szkoła Umiejętności Społecznych w Poznaniu; Wydział Prawa i Komunikacji Społecznej"
Prawo;"Wyższa Szkoła Umiejętności Społecznych w Poznaniu; Wydział Prawa i Komunikacji Społecznej"
Prawo;"Krakowska Akademia im. Andrzeja Frycza Modrzewskiego w Krakowie; Wydział Prawa, Administracji i Stosunków Międzynarodowych"
Prawo;"Krakowska Akademia im. Andrzeja Frycza Modrzewskiego w Krakowie; Wydział Prawa, Administracji i Stosunków Międzynarodowych"
Prawo;"Krakowska Akademia im. Andrzeja Frycza Modrzewskiego w Krakowie; Wydział Prawa, Administracji i Stosunków Międzynarodowych"
Prawo;"Górnośląska Wyższa Szkoła Handlowa im. Wojciecha Korfantego w Katowicach; Wydział Zarządzania"
Prawo;"Górnośląska Wyższa Szkoła Handlowa im. Wojciecha Korfantego w Katowicach; Wydział Zarządzania"
Prawo;"Wyższa Szkoła Bankowa w Gdańsku; Wydział Ekonomii i Zarządzania w Gdyni"
Prawo;"Wyższa Szkoła Bankowa w Gdańsku; Wydział Ekonomii i Zarządzania w Gdyni"
Prawo;"Wyższa Szkoła Bankowa w Gdańsku; Wydział Ekonomii i Zarządzania w Gdyni"
Prawo;"Katolicki Uniwersytet Lubelski Jana Pawła II w Lublinie; Wydział Zamiejscowy Prawa i Nauk o Społeczeństwie w Stalowej Woli"
Prawo;"Katolicki Uniwersytet Lubelski Jana Pawła II w Lublinie; Wydział Zamiejscowy Prawa i Nauk o Społeczeństwie w Stalowej Woli"
Prawo;"Społeczna Akademia Nauk z siedzibą w Łodzi; Wydział Nauk Społecznych i Humanistycznych"
Prawo;"Uniwersytet Zielonogórski; Wydział Prawa i Administracji"
Prawo;"Uniwersytet Zielonogórski; Wydział Prawa i Administracji"
Prawo;"Kujawsko-Pomorska Szkoła Wyższa w Bydgoszczy; Wydział Prawa, Administracji i Ekonomii"
Prawo;"Kujawsko-Pomorska Szkoła Wyższa w Bydgoszczy; Wydział Prawa, Administracji i Ekonomii"
Prawo;"Kujawsko-Pomorska Szkoła Wyższa w Bydgoszczy; Wydział Prawa, Administracji i Ekonomii"
Prawo;"Wyższa Szkoła Prawa im. Heleny Chodkowskiej; Wydział Prawa i Administracji"
Prawo;"Wyższa Szkoła Prawa im. Heleny Chodkowskiej; Wydział Prawa i Administracji"
Prawo;"Wyższa Szkoła Prawa im. Heleny Chodkowskiej; Wydział Prawa i Administracji"
Prawo kanoniczne;"Uniwersytet Kardynała Stefana Wyszyńskiego w Warszawie; Wydział Prawa Kanonicznego"
Prawo kanoniczne;"Uniwersytet Kardynała Stefana Wyszyńskiego w Warszawie; Wydział Prawa Kanonicznego"
Prawo kanoniczne;"Uniwersytet Kardynała Stefana Wyszyńskiego w Warszawie; Wydział Prawa Kanonicznego"
Prawo kanoniczne;"Uniwersytet Warmińsko-Mazurski w Olsztynie; Wydział Teologii"
Prawo kanoniczne;"Uniwersytet Warmińsko-Mazurski w Olsztynie; Wydział Teologii"
Prawo kanoniczne;"Uniwersytet Warmińsko-Mazurski w Olsztynie; Wydział Teologii"
Prawo kanoniczne;"Katolicki Uniwersytet Lubelski Jana Pawła II w Lublinie; Wydział Prawa, Prawa Kanonicznego i Administracji"
Prawo kanoniczne;"Katolicki Uniwersytet Lubelski Jana Pawła II w Lublinie; Wydział Prawa, Prawa Kanonicznego i Administracji"
Prawo kanoniczne;"Katolicki Uniwersytet Lubelski Jana Pawła II w Lublinie; Wydział Prawa, Prawa Kanonicznego i Administracji"
Psychologia;"Uniwersytet Marii Curie-Skłodowskiej w Lublinie; Wydział Pedagogiki i Psychologii"
Psychologia;"Uniwersytet Marii Curie-Skłodowskiej w Lublinie; Wydział Pedagogiki i Psychologii"
Psychologia;"Uniwersytet Marii Curie-Skłodowskiej w Lublinie; Wydział Pedagogiki i Psychologii"
Psychologia;"Uniwersytet im. Adama Mickiewicza w Poznaniu; Wydział Nauk Społecznych"
Psychologia;"Uniwersytet im. Adama Mickiewicza w Poznaniu; Wydział Nauk Społecznych"
Psychologia;"Uniwersytet im. Adama Mickiewicza w Poznaniu; Wydział Nauk Społecznych"
Psychologia;"Uniwersytet Gdański; Wydział Nauk Społecznych"
Psychologia;"Uniwersytet Gdański; Wydział Nauk Społecznych"
Psychologia;"Uniwersytet Gdański; Wydział Nauk Społecznych"
Psychologia;"Uniwersytet Wrocławski; Wydział Nauk Historycznych i Pedagogicznych"
Psychologia;"Uniwersytet Wrocławski; Wydział Nauk Historycznych i Pedagogicznych"
Psychologia;"Uniwersytet Wrocławski; Wydział Nauk Historycznych i Pedagogicznych"
Psychologia;"Uniwersytet Jagielloński w Krakowie; Wydział Filozoficzny"
Psychologia;"Uniwersytet Jagielloński w Krakowie; Wydział Filozoficzny"
Psychologia;"Uniwersytet Jagielloński w Krakowie; Wydział Filozoficzny"
Psychologia;"Uniwersytet Jagielloński w Krakowie; Wydział Zarządzania i Komunikacji Społecznej"
Psychologia;"Uniwersytet Jagielloński w Krakowie; Wydział Zarządzania i Komunikacji Społecznej"
Psychologia;"Uniwersytet Jagielloński w Krakowie; Wydział Zarządzania i Komunikacji Społecznej"
Psychologia;"Uniwersytet Łódzki; Wydział Nauk o Wychowaniu"
Psychologia;"Uniwersytet Łódzki; Wydział Nauk o Wychowaniu"
Psychologia;"Uniwersytet Łódzki; Wydział Nauk o Wychowaniu"
Psychologia;"Uniwersytet Śląski w Katowicach; Wydział Pedagogiki i Psychologii"
Psychologia;"Uniwersytet Śląski w Katowicach; Wydział Pedagogiki i Psychologii"
Psychologia;"Uniwersytet Śląski w Katowicach; Wydział Pedagogiki i Psychologii"
Psychologia;"Uniwersytet Kardynała Stefana Wyszyńskiego w Warszawie; Wydział Filozofii Chrześcijańskiej"
Psychologia;"Uniwersytet Kardynała Stefana Wyszyńskiego w Warszawie; Wydział Filozofii Chrześcijańskiej"
Psychologia;"Uniwersytet Kardynała Stefana Wyszyńskiego w Warszawie; Wydział Filozofii Chrześcijańskiej"
Psychologia;"Górnośląska Wyższa Szkoła Handlowa im. Wojciecha Korfantego w Katowicach; Wydział Zarządzania"
Psychologia;"Górnośląska Wyższa Szkoła Handlowa im. Wojciecha Korfantego w Katowicach; Wydział Zarządzania"
Psychologia;"Górnośląska Wyższa Szkoła Handlowa im. Wojciecha Korfantego w Katowicach; Wydział Zarządzania"
Psychologia;"Szkoła Wyższa Psychologii Społecznej w Warszawie; Wydział Psychologii"
Psychologia;"Szkoła Wyższa Psychologii Społecznej w Warszawie; Wydział Psychologii"
Psychologia;"Szkoła Wyższa Psychologii Społecznej w Warszawie; Wydział Psychologii"
Psychologia;"Szkoła Wyższa Psychologii Społecznej w Warszawie; Wydział Zamiejscowy w Sopocie"
Psychologia;"Szkoła Wyższa Psychologii Społecznej w Warszawie; Wydział Zamiejscowy w Sopocie"
Psychologia;"Szkoła Wyższa Psychologii Społecznej w Warszawie; Wydział Zamiejscowy w Sopocie"
Psychologia;"Szkoła Wyższa Psychologii Społecznej w Warszawie; Wydział Zamiejscowy we Wrocławiu"
Psychologia;"Szkoła Wyższa Psychologii Społecznej w Warszawie; Wydział Zamiejscowy we Wrocławiu"
Psychologia;"Szkoła Wyższa Psychologii Społecznej w Warszawie; Wydział Zamiejscowy we Wrocławiu"
Psychologia;"Szkoła Wyższa Psychologii Społecznej w Warszawie; Wydział Zamiejscowy w Poznaniu"
Psychologia;"Szkoła Wyższa Psychologii Społecznej w Warszawie; Wydział Zamiejscowy w Poznaniu"
Psychologia;"Szkoła Wyższa Psychologii Społecznej w Warszawie; Wydział Zamiejscowy w Poznaniu"
Psychologia;"Wyższa Szkoła Biznesu - National Louis University z siedzibą w Nowym Sączu; Wydział Nauk Społecznych i Informatyki"
Psychologia;"Wyższa Szkoła Biznesu - National Louis University z siedzibą w Nowym Sączu; Wydział Nauk Społecznych i Informatyki"
Psychologia;"Wyższa Szkoła Biznesu - National Louis University z siedzibą w Nowym Sączu; Wydział Nauk Społecznych i Informatyki"
Psychologia;"Uniwersytet Szczeciński; Wydział Humanistyczny"
Psychologia;"Uniwersytet Szczeciński; Wydział Humanistyczny"
Psychologia;"Uniwersytet Szczeciński; Wydział Humanistyczny"
Psychologia;"Uniwersytet Warszawski; Wydział Psychologii"
Psychologia;"Uniwersytet Warszawski; Wydział Psychologii"
Psychologia;"Uniwersytet Warszawski; Wydział Psychologii"
Psychologia;"Wyższa Szkoła Finansów i Zarządzania w Warszawie; Wydział Psychologii"
Psychologia;"Wyższa Szkoła Finansów i Zarządzania w Warszawie; Wydział Psychologii"
Psychologia;"Wyższa Szkoła Finansów i Zarządzania w Warszawie; Wydział Psychologii"
Psychologia;"Uniwersytet Kazimierza Wielkiego w Bydgoszczy; Wydział Pedagogiki i Psychologii"
Psychologia;"Uniwersytet Kazimierza Wielkiego w Bydgoszczy; Wydział Pedagogiki i Psychologii"
Psychologia;"Uniwersytet Kazimierza Wielkiego w Bydgoszczy; Wydział Pedagogiki i Psychologii"
Psychologia;"Akademia Pedagogiki Specjalnej im. Marii Grzegorzewskiej w Warszawie; Wydział Stosowanych Nauk Społecznych"
Psychologia;"Akademia Pedagogiki Specjalnej im. Marii Grzegorzewskiej w Warszawie; Wydział Stosowanych Nauk Społecznych"
Psychologia;"Akademia Pedagogiki Specjalnej im. Marii Grzegorzewskiej w Warszawie; Wydział Stosowanych Nauk Społecznych"
Psychologia;"Szkoła Wyższa Psychologii Społecznej w Warszawie; Wydział Zamiejscowy w Katowicach"
Psychologia;"Szkoła Wyższa Psychologii Społecznej w Warszawie; Wydział Zamiejscowy w Katowicach"
Psychologia;"Szkoła Wyższa Psychologii Społecznej w Warszawie; Wydział Zamiejscowy w Katowicach"
Psychologia;"Niepaństwowa Wyższa Szkoła Pedagogiczna w Białymstoku; Wydział Nauk Społecznych"
Psychologia;"Niepaństwowa Wyższa Szkoła Pedagogiczna w Białymstoku; Wydział Nauk Społecznych"
Psychologia;"Niepaństwowa Wyższa Szkoła Pedagogiczna w Białymstoku; Wydział Nauk Społecznych"
Psychologia;"Wyższa Szkoła Ekonomii i Innowacji w Lublinie; Wydział Pedagogiki i Psychologii"
Psychologia;"Wyższa Szkoła Ekonomii i Innowacji w Lublinie; Wydział Pedagogiki i Psychologii"
Psychologia;"Wyższa Szkoła Ekonomii i Innowacji w Lublinie; Wydział Pedagogiki i Psychologii"
Psychologia;"Katolicki Uniwersytet Lubelski Jana Pawła II w Lublinie; Wydział Nauk Społecznych"
Psychologia;"Katolicki Uniwersytet Lubelski Jana Pawła II w Lublinie; Wydział Nauk Społecznych"
Psychologia;"Uniwersytet Opolski; Wydział Historyczno-Pedagogiczny"
Psychologia;"Uniwersytet Opolski; Wydział Historyczno-Pedagogiczny"
Psychologia;"Uniwersytet Opolski; Wydział Historyczno-Pedagogiczny"
Psychologia;Wyższa Szkoła Administracji Publicznej imienia Stanisława Staszica w Białymstoku
Psychologia;Wyższa Szkoła Administracji Publicznej imienia Stanisława Staszica w Białymstoku
Psychologia;Wyższa Szkoła Administracji Publicznej imienia Stanisława Staszica w Białymstoku
Psychologia;"Krakowska Akademia im. Andrzeja Frycza Modrzewskiego w Krakowie; Wydział Psychologii i Nauk Humanistycznych"
Psychologia;"Krakowska Akademia im. Andrzeja Frycza Modrzewskiego w Krakowie; Wydział Psychologii i Nauk Humanistycznych"
Psychologia;"Krakowska Akademia im. Andrzeja Frycza Modrzewskiego w Krakowie; Wydział Psychologii i Nauk Humanistycznych"
Psychologia;"Wyższa Szkoła Humanitas w Sosnowcu; Wydział Nauk Humanistycznych"
Psychologia;"Wyższa Szkoła Menedżerska w Warszawie; Wydział Nauk Społecznych"
Psychologia;"Wyższa Szkoła Menedżerska w Warszawie; Wydział Nauk Społecznych"
Psychologia;"Akademia Ignatianum w Krakowie; Wydział Filozoficzny"
Psychologia;"Akademia Ignatianum w Krakowie; Wydział Filozoficzny"
Psychologia;"Społeczna Akademia Nauk z siedzibą w Łodzi; Wydział Nauk Społecznych i Humanistycznych"
Psychologia;"Społeczna Akademia Nauk z siedzibą w Łodzi; Wydział Nauk Społecznych i Humanistycznych"
Psychologia;"Społeczna Akademia Nauk z siedzibą w Łodzi; Wydział Nauk Społecznych i Humanistycznych"
Psychologia;"Uniwersytet Zielonogórski; Wydział Pedagogiki, Socjologii i Nauk o Zdrowiu"
Psychologia;"Uniwersytet Zielonogórski; Wydział Pedagogiki, Socjologii i Nauk o Zdrowiu"
Realizacja obrazu filmowego,telewizyjnego i fotografia;"Uniwersytet Śląski w Katowicach; Wydział Radia i Telewizji im. K. Kieślowskiego"
Realizacja obrazu filmowego,telewizyjnego i fotografia;"Uniwersytet Śląski w Katowicach; Wydział Radia i Telewizji im. K. Kieślowskiego"
Realizacja obrazu filmowego,telewizyjnego i fotografia;"Państwowa Wyższa Szkoła Filmowa, Telewizyjna i Teatralna im. Leona Schillera w Łodzi; Wydział Operatorski i Realizacji Telewizyjnej"
Realizacja obrazu filmowego,telewizyjnego i fotografia;"Państwowa Wyższa Szkoła Filmowa, Telewizyjna i Teatralna im. Leona Schillera w Łodzi; Wydział Operatorski i Realizacji Telewizyjnej"
Realizacja obrazu filmowego,telewizyjnego i fotografia;"Państwowa Wyższa Szkoła Filmowa, Telewizyjna i Teatralna im. Leona Schillera w Łodzi; Wydział Operatorski i Realizacji Telewizyjnej"
Realizacja obrazu filmowego,telewizyjnego i fotografia;"Uniwersytet Artystyczny w Poznaniu; Wydział Komunikacji Multimedialnej"
Realizacja obrazu filmowego,telewizyjnego i fotografia;"Uniwersytet Artystyczny w Poznaniu; Wydział Komunikacji Multimedialnej"
Realizacja obrazu filmowego,telewizyjnego i fotografia;"Wyższa Szkoła Sztuki i Projektowania w Łodzi; Wydział Filmu i Fotografii"
Realizacja obrazu filmowego,telewizyjnego i fotografia;"Wyższa Szkoła Sztuki i Projektowania w Łodzi; Wydział Filmu i Fotografii"
Realizacja obrazu filmowego,telewizyjnego i fotografia;"Wyższa Szkoła Sztuki i Projektowania w Łodzi; Wydział Filmu i Fotografii"
Realizacja obrazu filmowego,telewizyjnego i fotografia;"Wyższa Szkoła Techniczna w Katowicach; Wydział Mediów, Aktorstwa i Reżyserii"
Religioznawstwo;"Uniwersytet Jagielloński w Krakowie; Wydział Filozoficzny"
Reżyseria;"Akademia Teatralna im. Aleksandra Zelwerowicza w Warszawie; Zamiejscowy Wydział Sztuki Lalkarskiej"
Reżyseria;"Akademia Teatralna im. Aleksandra Zelwerowicza w Warszawie; Zamiejscowy Wydział Sztuki Lalkarskiej"
Reżyseria;"Akademia Teatralna im. Aleksandra Zelwerowicza w Warszawie; Wydział Reżyserii"
Reżyseria;"Akademia Teatralna im. Aleksandra Zelwerowicza w Warszawie; Wydział Reżyserii"
Reżyseria;"Państwowa Wyższa Szkoła Teatralna im. Ludwika Solskiego w Krakowie; Wydział Lalkarski -Filia we Wrocławiu"
Reżyseria;"Państwowa Wyższa Szkoła Teatralna im. Ludwika Solskiego w Krakowie; Wydział Lalkarski -Filia we Wrocławiu"
Reżyseria;"Państwowa Wyższa Szkoła Teatralna im. Ludwika Solskiego w Krakowie; Wydział Reżyserii Dramatu w Krakowie"
Reżyseria;"Państwowa Wyższa Szkoła Teatralna im. Ludwika Solskiego w Krakowie; Wydział Reżyserii Dramatu w Krakowie"
Reżyseria;"Państwowa Wyższa Szkoła Filmowa, Telewizyjna i Teatralna im. Leona Schillera w Łodzi; Wydział Reżyserii Filmowej i Telewizyjnej"
Rzeźba;"Akademia Sztuk Pięknych w Warszawie; Wydział Rzeźby"
Rzeźba;"Akademia Sztuk Pięknych im. Eugeniusza Gepperta we Wrocławiu; Wydział Malarstwa i Rzeźby"
Rzeźba;"Akademia Sztuk Pięknych im. Eugeniusza Gepperta we Wrocławiu; Wydział Malarstwa i Rzeźby"
Rzeźba;"Uniwersytet Mikołaja Kopernika w Toruniu; Wydział Sztuk Pięknych"
Rzeźba;"Uniwersytet Mikołaja Kopernika w Toruniu; Wydział Sztuk Pięknych"
Rzeźba;"Akademia Sztuk Pięknych w Gdańsku; Wydział Rzeźby i Intermediów"
Rzeźba;"Akademia Sztuk Pięknych w Gdańsku; Wydział Rzeźby i Intermediów"
Rzeźba;"Akademia Sztuk Pięknych im. Jana Matejki w Krakowie; Wydział Rzeźby"
Rzeźba;"Akademia Sztuk Pięknych im. Jana Matejki w Krakowie; Wydział Rzeźby"
Rzeźba;"Uniwersytet Artystyczny w Poznaniu; Wydział Rzeźby i Działań Przestrzennych"
Rzeźba;"Uniwersytet Artystyczny w Poznaniu; Wydział Rzeźby i Działań Przestrzennych"
Socjologia;"Uniwersytet Warszawski; Wydział Stosowanych Nauk Społecznych i Resocjalizacji"
Socjologia;"Uniwersytet Warszawski; Wydział Filozofii i Socjologii"
Socjologia;"Uniwersytet im. Adama Mickiewicza w Poznaniu; Wydział Nauk Społecznych"
Socjologia;"Uniwersytet Jagielloński w Krakowie; Wydział Filozoficzny"
Socjologia;"Uniwersytet Łódzki; Wydział Ekonomiczno-Socjologiczny"
Socjologia;"Uniwersytet Szczeciński; Wydział Humanistyczny"
Socjologia;"Uniwersytet Śląski w Katowicach; Wydział Nauk Społecznych"
Socjologia;"Uniwersytet Kardynała Stefana Wyszyńskiego w Warszawie; Wydział Nauk Historycznych i Społecznych"
Socjologia;"Uniwersytet Wrocławski; Wydział Nauk Społecznych"
Stosunki międzynarodowe;"Uniwersytet Warszawski; Wydział Dziennikarstwa i Nauk Politycznych"
Stosunki międzynarodowe;"Uniwersytet im. Adama Mickiewicza w Poznaniu; Wydział Historyczny"
Stosunki międzynarodowe;"Uniwersytet Jagielloński w Krakowie; Wydział Studiów Międzynarodowych i Politycznych"
Stosunki międzynarodowe;"Uniwersytet Łódzki; Wydział Studiów Międzynarodowych i Politologicznych"
Stosunki międzynarodowe;"Uniwersytet Łódzki; Wydział Ekonomiczno-Socjologiczny"
Stosunki międzynarodowe;"Uniwersytet Mikołaja Kopernika w Toruniu; Wydział Politologii i Studiów Międzynarodowych"
Stosunki międzynarodowe;"Uniwersytet Szczeciński; Wydział Humanistyczny"
Stosunki międzynarodowe;"Uniwersytet Ekonomiczny we Wrocławiu; Wydział Nauk Ekonomicznych"
Stosunki międzynarodowe;"Uniwersytet Wrocławski; Wydział Nauk Społecznych"
Studia międzykierunkowe: Międzykierunkowe Studia Ekonomiczno-Menedżerskie - ekonomia i zarządzanie (UW);"Uniwersytet Warszawski; Wydział Nauk Ekonomicznych
Uniwersytet Warszawski; Wydział Zarządzania"
Studia międzykierunkowe: Międzywydziałowe Indywidualne Studia Humanistyczne;"Uniwersytet Jagielloński w Krakowie; Sekretariat ds. obsługi międzywydziałowych indywidualnych studiów humanistycznych"
Studia międzykierunkowe: Międzywydziałowe Indywidualne Studia Humanistyczne;"Uniwersytet Śląski w Katowicach; Międzywydziałowe Indywidualne Studia Humanistyczne"
Studia międzykierunkowe: Międzywydziałowe Indywidualne Studia Humanistyczne;"Uniwersytet Śląski w Katowicach; Międzywydziałowe Indywidualne Studia Humanistyczne"
Sztuka mediów i edukacja wizualna;"Uniwersytet Mikołaja Kopernika w Toruniu; Wydział Sztuk Pięknych"
Technika rolnicza i leśna;"Politechnika Koszalińska; Wydział Mechaniczny"
Technologia chemiczna;"Politechnika Śląska; Wydział Chemiczny"
Technologia chemiczna;"Politechnika Krakowska im. Tadeusza Kościuszki; Wydział Inżynierii i Technologii Chemicznej"
Technologia chemiczna;"Politechnika Łódzka; Wydział Chemiczny"
Technologia chemiczna;"Politechnika Warszawska; Wydział Chemiczny"
Technologia chemiczna;"Politechnika Warszawska; Wydział Budownictwa, Mechaniki i Petrochemii"
Technologia chemiczna;"Politechnika Wrocławska; Wydział Chemiczny"
Technologia chemiczna;"Politechnika Poznańska; Wydział Technologii Chemicznej"
Technologia żywności i żywienie człowieka;"Politechnika Łódzka; Wydział Biotechnologii i Nauk o Żywności"
Technologie ochrony środowiska;"Politechnika Poznańska; Wydział Technologii Chemicznej"
Teleinformatyka;"Politechnika Wrocławska; Wydział Elektroniki"
Teologia;"Uniwersytet Kardynała Stefana Wyszyńskiego w Warszawie; Wydział Teologiczny"
Teologia;"Uniwersytet Kardynała Stefana Wyszyńskiego w Warszawie; Wydział Teologiczny"
Teologia;"Uniwersytet Kardynała Stefana Wyszyńskiego w Warszawie; Wydział Teologiczny"
Teologia;"Uniwersytet im. Adama Mickiewicza w Poznaniu; Wydział Teologiczny"
Teologia;"Uniwersytet im. Adama Mickiewicza w Poznaniu; Wydział Teologiczny"
Teologia;"Uniwersytet im. Adama Mickiewicza w Poznaniu; Wydział Teologiczny"
Teologia;"Uniwersytet Śląski w Katowicach; Wydział Teologiczny"
Teologia;"Uniwersytet Śląski w Katowicach; Wydział Teologiczny"
Teologia;"Uniwersytet Śląski w Katowicach; Wydział Teologiczny"
Teologia;"Uniwersytet Warmińsko-Mazurski w Olsztynie; Wydział Teologii"
Teologia;"Uniwersytet Warmińsko-Mazurski w Olsztynie; Wydział Teologii"
Teologia;"Uniwersytet Mikołaja Kopernika w Toruniu; Wydział Teologiczny"
Teologia;"Uniwersytet Mikołaja Kopernika w Toruniu; Wydział Teologiczny"
Teologia;"Uniwersytet Papieski Jana Pawła II w Krakowie; Wydział Teologiczny"
Teologia;"Uniwersytet Papieski Jana Pawła II w Krakowie; Wydział Teologiczny"
Teologia;"Uniwersytet Papieski Jana Pawła II w Krakowie; Wydział Teologiczny Sekcja w Tarnowie"
Teologia;"Uniwersytet Papieski Jana Pawła II w Krakowie; Wydział Teologiczny Sekcja w Tarnowie"
Teologia;"Chrześcijańska Akademia Teologiczna w Warszawie; Wydział Teologiczny"
Teologia;"Chrześcijańska Akademia Teologiczna w Warszawie; Wydział Teologiczny"
Teologia;"Chrześcijańska Akademia Teologiczna w Warszawie; Wydział Teologiczny"
Teologia;"Uniwersytet Szczeciński; Wydział Teologiczny"
Teologia;"Uniwersytet Szczeciński; Wydział Teologiczny"
Teologia;"Uniwersytet Szczeciński; Wydział Teologiczny"
Teologia;"Katolicki Uniwersytet Lubelski Jana Pawła II w Lublinie; Wydział Teologii"
Teologia;"Katolicki Uniwersytet Lubelski Jana Pawła II w Lublinie; Wydział Teologii"
Teologia;"Uniwersytet Opolski; Wydział Teologiczny"
Teologia;"Uniwersytet Opolski; Wydział Teologiczny"
Teologia;Papieski Wydział Teologiczny we Wrocławiu
Teologia;Papieski Wydział Teologiczny we Wrocławiu
Teologia;Papieski Wydział Teologiczny we Wrocławiu
Teologia;"Papieski Wydział Teologiczny w Warszawie; Sekcja św. Andrzeja Boboli - Collegium Bobolanum"
Teologia;"Papieski Wydział Teologiczny w Warszawie; Sekcja św. Andrzeja Boboli - Collegium Bobolanum"
Teologia;"Papieski Wydział Teologiczny w Warszawie; Sekcja św. Jana Chrzciciela"
Teologia;"Papieski Wydział Teologiczny w Warszawie; Sekcja św. Jana Chrzciciela"
Towaroznawstwo;"Uniwersytet Ekonomiczny w Poznaniu; Wydział Towaroznawstwa"
Transport;"Politechnika Warszawska; Wydział Transportu"
Transport;"Politechnika Śląska; Wydział Transportu"
Transport;"Politechnika Krakowska im. Tadeusza Kościuszki; Wydział Mechaniczny"
Transport;"Politechnika Łódzka; Wydział Mechaniczny"
Transport;"Politechnika Łódzka; Wydział Elektrotechniki, Elektroniki, Informatyki i Automatyki"
Transport;"Politechnika Poznańska; Wydział Maszyn Roboczych i Transportu"
Transport;"Politechnika Krakowska im. Tadeusza Kościuszki; Wydział Inżynierii Lądowej"
Turystyka i rekreacja;"Uniwersytet im. Adama Mickiewicza w Poznaniu; Wydział Nauk Geograficznych i Geologicznych"
Turystyka i rekreacja;"Akademia Wychowania Fizycznego im. Bronisława Czecha w Krakowie; Wydział Turystyki i Rekreacji"
Weterynaria;"Szkoła Główna Gospodarstwa Wiejskiego w Warszawie; Wydział Medycyny Weterynaryjnej"
Weterynaria;"Szkoła Główna Gospodarstwa Wiejskiego w Warszawie; Wydział Medycyny Weterynaryjnej"
Weterynaria;"Szkoła Główna Gospodarstwa Wiejskiego w Warszawie; Wydział Medycyny Weterynaryjnej"
Weterynaria;"Uniwersytet Warmińsko-Mazurski w Olsztynie; Wydział Medycyny Weterynaryjnej"
Weterynaria;"Uniwersytet Warmińsko-Mazurski w Olsztynie; Wydział Medycyny Weterynaryjnej"
Weterynaria;"Uniwersytet Przyrodniczy w Lublinie; Wydział Medycyny Weterynaryjnej"
Weterynaria;"Uniwersytet Przyrodniczy w Lublinie; Wydział Medycyny Weterynaryjnej"
Weterynaria;"Uniwersytet Przyrodniczy w Lublinie; Wydział Medycyny Weterynaryjnej"
Weterynaria;"Uniwersytet Przyrodniczy w Poznaniu; Wydział Hodowli i Biologii Zwierząt"
Weterynaria;"Uniwersytet Przyrodniczy w Poznaniu; Wydział Hodowli i Biologii Zwierząt"
Weterynaria;"Uniwersytet Jagielloński w Krakowie; Jednostki międzyuczelniane; Uniwersyteckie Centrum Medycyny Weterynaryjnej UJ – UR"
Weterynaria;"Uniwersytet Rolniczy im. Hugona Kołłątaja w Krakowie; Uniwersyteckie Centrum Medycyny Weterynaryjnej UJ - UR"
Weterynaria;"Uniwersytet Przyrodniczy we Wrocławiu; Wydział Medycyny Weterynaryjnej"
Weterynaria;"Uniwersytet Przyrodniczy we Wrocławiu; Wydział Medycyny Weterynaryjnej"
Weterynaria;"Uniwersytet Przyrodniczy we Wrocławiu; Wydział Medycyny Weterynaryjnej"
Weterynaria;"Uniwersytet Przyrodniczy we Wrocławiu; Wydział Medycyny Weterynaryjnej"
Wiedza o teatrze;"Uniwersytet im. Adama Mickiewicza w Poznaniu; Wydział Filologii Polskiej i Klasycznej"
Włókiennictwo;"Politechnika Łódzka; Wydział Technologii Materiałowych i Wzornictwa Tekstyliów"
Wokalistyka;"Akademia Muzyczna im. Stanisława Moniuszki w Gdańsku; Wydział Wokalno-Aktorski"
Wychowanie fizyczne;"Akademia Wychowania Fizycznego im. Jerzego Kukuczki w Katowicach; Wydział Wychowania Fizycznego"
Wychowanie fizyczne;"Uniwersytet Szczeciński; Wydział Kultury Fizycznej i Promocji Zdrowia"
Wychowanie fizyczne;"Akademia Wychowania Fizycznego im. Bronisława Czecha w Krakowie; Wydział Wychowania Fizycznego i Sportu"
Wzornictwo;"Akademia Sztuk Pięknych im. Jana Matejki w Krakowie; Wydział Form Przemysłowych"
Wzornictwo;"Akademia Sztuk Pięknych im. Eugeniusza Gepperta we Wrocławiu; Wydział Ceramiki i Szkła"
Wzornictwo;"Akademia Sztuk Pięknych w Gdańsku; Wydział Architektury i Wzornictwa"
Wzornictwo;"Akademia Sztuk Pięknych im. Eugeniusza Gepperta we Wrocławiu; Wydział Architektury Wnętrz i Wzornictwa"
Zarządzanie;"Uniwersytet Warszawski; Wydział Zarządzania"
Zarządzanie;"Uniwersytet im. Adama Mickiewicza w Poznaniu; Wydział Prawa i Administracji"
Zarządzanie;"Uniwersytet Jagielloński w Krakowie; Wydział Zarządzania i Komunikacji Społecznej"
Zarządzanie;"Uniwersytet Łódzki; Wydział Zarządzania"
Zarządzanie;"Uniwersytet Szczeciński; Wydział Nauk Ekonomicznych i Zarządzania"
Zarządzanie;"Katolicki Uniwersytet Lubelski Jana Pawła II w Lublinie; Wydział Nauk Społecznych"
Zarządzanie;"Politechnika Śląska; Wydział Organizacji i Zarządzania"
Zarządzanie;"Politechnika Łódzka; Wydział Organizacji i Zarządzania"
Zarządzanie;"Politechnika Wrocławska; Wydział Informatyki i Zarządzania"
Zarządzanie;"Uniwersytet Ekonomiczny we Wrocławiu; Wydział Zarządzania, Informatyki i Finansów"
Zarządzanie;"Uniwersytet Ekonomiczny we Wrocławiu; Wydział Nauk Ekonomicznych"
Zarządzanie;"Politechnika Poznańska; Wydział Inżynierii Zarządzania"
Zarządzanie i inżynieria produkcji;"Politechnika Częstochowska; Wydział Zarządzania"
Zarządzanie i inżynieria produkcji;"Politechnika Śląska; Wydział Mechaniczny Technologiczny"
Zarządzanie i inżynieria produkcji;"Politechnika Śląska; Wydział Górnictwa i Geologii"
Zarządzanie i inżynieria produkcji;"Politechnika Śląska; Wydział Organizacji i Zarządzania"
Zarządzanie i inżynieria produkcji;"Politechnika Krakowska im. Tadeusza Kościuszki; Wydział Mechaniczny"
Zarządzanie i inżynieria produkcji;"Akademia Górniczo-Hutnicza im. Stanisława Staszica w Krakowie; Wydział Metali Nieżelaznych"
Zarządzanie i inżynieria produkcji;"Politechnika Łódzka; Wydział Organizacji i Zarządzania"
Zarządzanie i inżynieria produkcji;"Politechnika Łódzka; Wydział Mechaniczny"
Zarządzanie i inżynieria produkcji;"Uniwersytet Ekonomiczny we Wrocławiu; Wydział Inżynieryjno-Ekonomiczny"
Zarządzanie i inżynieria produkcji;"Politechnika Poznańska; Wydział Budowy Maszyn i Zarządzania"
Zdrowie publiczne;"Uniwersytet Jagielloński w Krakowie; Collegium Medicum; Wydział Nauk o Zdrowiu"
