Architektura;"Politechnika Krakowska im. Tadeusza Kościuszki; Wydział Architektury"
Architektura [do 2012-09-30 Architektura i urbanistyka];"Politechnika Wrocławska; Wydział Architektury"
Architektura [do 2012-09-30 Architektura i urbanistyka];Państwowa Wyższa Szkoła Zawodowa w Nysie
Architektura;"Politechnika Łódzka; Wydział Budownictwa, Architektury i Inżynierii Środowiska"
Architektura [do 2012-09-30 Architektura i urbanistyka];"Wyższa Szkoła Ekologii i Zarządzania w Warszawie; Wydział Architektury"
Architektura [do 2014-09-30 Architektura i urbanistyka];"Politechnika Poznańska; Wydział Architektury"
Architektura [do 2015-02-05 Architektura i urbanistyka];Podhalańska Państwowa Wyższa Szkoła Zawodowa w Nowym Targu
Architektura [do 2014-09-14 Architektura i urbanistyka];"Sopocka Szkoła Wyższa z siedzibą w Sopocie; Wydział Architektury"
Architektura [do 2014-09-28 Architektura i urbanistyka];"Wyższa Szkoła Zawodowa „Kadry dla Europy” w Poznaniu z siedzibą w Poznaniu; Wydział Architektury i Nauk Społecznych"
Architektura [do 2012-09-30 Architektura i urbanistyka];"Wyższa Szkoła Przedsiębiorczości i Administracji w Lublinie; Wydział Nauk Technicznych"
Architektura i urbanistyka;"Politechnika Łódzka; Wydział Budownictwa, Architektury i Inżynierii Środowiska"
Architektura i urbanistyka;Państwowa Wyższa Szkoła Zawodowa w Raciborzu
Architektura i urbanistyka;"Uniwersytet Zielonogórski; Wydział Budownictwa, Architektury i Inżynierii Środowiska"
Architektura i urbanistyka;"Politechnika Śląska; Wydział Architektury"
Architektura i urbanistyka;"Politechnika Białostocka; Wydział Architektury"
Architektura i urbanistyka;"Politechnika Warszawska; Wydział Architektury"
Architektura i urbanistyka;"Szkoła Wyższa im. Bogdana Jańskiego w Warszawie; Wydział Zarządzania w Warszawie"
Architektura i urbanistyka;"Wyższa Szkoła Menedżerska w Legnicy; Wydział Architektury i Urbanistyki"
Architektura i urbanistyka;"Wyższa Szkoła Sztuki i Projektowania w Łodzi; Wydział Architektury"
Architektura i urbanistyka;"Wyższa Szkoła Techniczna w Katowicach; Wydział Architektury, Budownictwa i Sztuk Stosowanych"
Architektura i urbanistyka;"Akademia Finansów i Biznesu Vistula; Europejski Wydział Sztuk"
Architektura i urbanistyka;"Społeczna Akademia Nauk z siedzibą w Łodzi; Społeczna Akademia Nauk Filia w Warszawie; Wydział Zamiejscowy w Warszawie"
Architektura krajobrazu;"Szkoła Główna Gospodarstwa Wiejskiego w Warszawie; Wydział Ogrodnictwa, Biotechnologii i Architektury Krajobrazu"
Architektura krajobrazu;"Politechnika Białostocka; Wydział Budownictwa i Inżynierii Środowiska"
Architektura krajobrazu;"Uniwersytet Przyrodniczy w Poznaniu; Wydział Ogrodnictwa i Architektury Krajobrazu"
Architektura krajobrazu;Wyższa Szkoła Zarządzania Środowiskiem w Tucholi
Architektura krajobrazu;"Wyższa Szkoła Ekologii i Zarządzania w Warszawie; Wydział Architektury"
Architektura krajobrazu;"Sopocka Szkoła Wyższa z siedzibą w Sopocie; Wydział Architektury"
Architektura krajobrazu;"Uniwersytet Przyrodniczy we Wrocławiu; Wydział Inżynierii Kształtowania Środowiska i Geodezji"
Architektura krajobrazu;"Uniwersytet Zielonogórski; Wydział Budownictwa, Architektury i Inżynierii Środowiska"
Architektura wnętrz;"Politechnika Białostocka; Wydział Architektury"
Automatyka i robotyka;"Politechnika Łódzka; Wydział Mechaniczny"
Automatyka i robotyka;"Politechnika Łódzka; Wydział Elektrotechniki, Elektroniki, Informatyki i Automatyki"
Automatyka i robotyka;Państwowa Wyższa Szkoła Zawodowa w Raciborzu
Automatyka i robotyka;"Uniwersytet Zielonogórski; Wydział Elektrotechniki, Informatyki i Telekomunikacji"
Automatyka i robotyka;"Akademia Marynarki Wojennej im. Bohaterów Westerplatte; Wydział Mechaniczno-Elektryczny"
Automatyka i robotyka;"Politechnika Poznańska; Wydział Informatyki"
Automatyka i robotyka;"Politechnika Śląska; Wydział Automatyki, Elektroniki i Informatyki"
Automatyka i robotyka;"Politechnika Śląska; Wydział Mechaniczny Technologiczny"
Automatyka i robotyka;"Politechnika Poznańska; Wydział Elektryczny"
Automatyka i robotyka;"Akademia Górniczo-Hutnicza im. Stanisława Staszica w Krakowie; Wydział Inżynierii Mechanicznej i Robotyki"
Automatyka i robotyka;"Politechnika Białostocka; Wydział Mechaniczny"
Automatyka i robotyka;"Politechnika Krakowska im. Tadeusza Kościuszki; Wydział Mechaniczny"
Automatyka i robotyka;"Politechnika Opolska; Wydział Elektrotechniki, Automatyki i Informatyki"
Automatyka i robotyka;"Zachodniopomorski Uniwersytet Technologiczny w Szczecinie; Wydział Elektryczny"
Automatyka i robotyka;"Politechnika Świętokrzyska w Kielcach; Wydział Mechatroniki i Budowy Maszyn"
Automatyka i robotyka;"Akademia Techniczno-Humanistyczna w Bielsku-Białej; Wydział Budowy Maszyn i Informatyki"
Automatyka i robotyka;Państwowa Wyższa Szkoła Informatyki i Przedsiębiorczości w Łomży
Automatyka i robotyka;"Politechnika Warszawska; Wydział Mechatroniki"
Automatyka i robotyka;Wyższa Szkoła Komunikacji i Zarządzania w Poznaniu
Automatyka i robotyka;"Akademia Górniczo-Hutnicza im. Stanisława Staszica w Krakowie; Wydział Elektrotechniki, Automatyki, Informatyki i Inżynierii Biomedycznej"
Automatyka i robotyka;"Politechnika Częstochowska; Wydział Elektryczny"
Automatyka i robotyka;Państwowa Wyższa Szkoła Zawodowa w Głogowie
Behawiorystyka zwierząt;"Uniwersytet Przyrodniczy w Lublinie; Wydział Biologii i Hodowli Zwierząt"
Bezpieczeństwo i higiena pracy;"Uniwersytet Zielonogórski; Wydział Mechaniczny"
Bezpieczeństwo i higiena pracy;"Wyższa Szkoła Humanistyczno-Ekonomiczna we Włocławku; Wydział Nauk Społecznych i Technicznych"
Bezpieczeństwo i higiena pracy;"Uniwersytet Kazimierza Wielkiego w Bydgoszczy; Wydział Matematyki, Fizyki i Techniki"
Bezpieczeństwo i higiena pracy;"Politechnika Częstochowska; Wydział Zarządzania"
Bezpieczeństwo i higiena pracy;"Politechnika Częstochowska; Wydział Inżynierii Produkcji i Technologii Materiałów"
Bezpieczeństwo i higiena pracy;Państwowa Wyższa Szkoła Zawodowa im. Angelusa Silesiusa w Wałbrzychu
Bezpieczeństwo i higiena pracy;"Uniwersytet Przyrodniczy w Lublinie; Wydział Biologii i Hodowli Zwierząt"
Bezpieczeństwo i higiena pracy;"Prywatna Wyższa Szkoła Ochrony Środowiska w Radomiu; Wydział Inżynierii Bezpieczeństwa Higieny Pracy i Logistyki"
Bezpieczeństwo i higiena pracy;"Wyższa Szkoła Humanitas w Sosnowcu; Wydział Administracji i Zarządzania"
Bezpieczeństwo i higiena pracy;"Śląska Wyższa Szkoła Informatyczno-Medyczna w Chorzowie; Wydział Przyrodniczy"
Bezpieczeństwo i higiena pracy;"Uniwersytet Technologiczno-Humanistyczny im. Kazimierza Pułaskiego w Radomiu; Wydział Materiałoznawstwa, Technologii i Wzornictwa"
Bezpieczeństwo i higiena pracy;"Wyższa Inżynierska Szkoła Bezpieczeństwa i Organizacji Pracy w Radomiu; Wydział Budownictwa i Bezpieczeństwa Pracy"
Bezpieczeństwo żywności;"Uniwersytet Przyrodniczy w Lublinie; Wydział Biologii i Hodowli Zwierząt"
Bioinformatyka;"Uniwersytet Pedagogiczny im. Komisji Edukacji Narodowej w Krakowie; Wydział Geograficzno-Biologiczny"
Bioinżynieria produkcji żywności [do 2012-09-30 Makrokierunek - bioinżynieria produkcji żywności];"Uniwersytet Warmińsko-Mazurski w Olsztynie; Wydział Bioinżynierii Zwierząt"
Biotechnologia;"Politechnika Łódzka; Wydział Biotechnologii i Nauk o Żywności"
Biotechnologia;"Zachodniopomorski Uniwersytet Technologiczny w Szczecinie; Wydział Biotechnologii i Hodowli Zwierząt"
Biotechnologia;"Uniwersytet Przyrodniczy w Lublinie; Wydział Nauk o Żywności i Biotechnologii"
Biotechnolologia;"Politechnika Białostocka; Wydział Budownictwa i Inżynierii Środowiska"
Budownictwo;"Wojskowa Akademia Techniczna im. Jarosława Dąbrowskiego; Wydział Inżynierii Lądowej i Geodezji"
Budownictwo;"Politechnika Łódzka; Wydział Budownictwa, Architektury i Inżynierii Środowiska"
Budownictwo;"Uniwersytet Zielonogórski; Wydział Budownictwa, Architektury i Inżynierii Środowiska"
Budownictwo;"Szkoła Główna Gospodarstwa Wiejskiego w Warszawie; Wydział Budownictwa i Inżynierii Środowiska"
Budownictwo;"Politechnika Wrocławska; Wydział Budownictwa Lądowego i Wodnego"
Budownictwo;"Politechnika Poznańska; Wydział Budownictwa i Inżynierii Środowiska"
Budownictwo;"Politechnika Rzeszowska im. Ignacego Łukasiewicza; Wydział Budownictwa, Inżynierii Środowiska i Architektury"
Budownictwo;"Politechnika Śląska; Wydział Budownictwa"
Budownictwo;"Wyższa Szkoła Finansów i Zarządzania w Białymstoku; Wydział Nauk Technicznych Fiilia w Ełku"
Budownictwo;"Uniwersytet Technologiczno-Przyrodniczy im. Jana i Jędrzeja Śniadeckich w Bydgoszczy; Wydział Budownictwa, Architektury i Inżynierii Środowiska"
Budownictwo;"Państwowa Wyższa Szkoła Techniczno-Ekonomiczna im. ks. Bronisława Markiewicza w Jarosławiu; Instytut Inżynierii Technicznej"
Budownictwo;"Akademia Górniczo-Hutnicza im. Stanisława Staszica w Krakowie; Wydział Górnictwa i Geoinżynierii"
Budownictwo;"Politechnika Białostocka; Wydział Budownictwa i Inżynierii Środowiska"
Budownictwo;"Politechnika Krakowska im. Tadeusza Kościuszki; Wydział Inżynierii Środowiska"
Budownictwo;"Politechnika Krakowska im. Tadeusza Kościuszki; Wydział Inżynierii Lądowej"
Budownictwo;"Uniwersytet Warmińsko-Mazurski w Olsztynie; Wydział Nauk Technicznych"
Budownictwo;Państwowa Wyższa Szkoła Zawodowa w Chełmie
Budownictwo;"Kujawsko-Pomorska Szkoła Wyższa w Bydgoszczy; Wydział Techniczny"
Budownictwo;"Politechnika Opolska; Wydział Budownictwa"
Budownictwo;"Zachodniopomorski Uniwersytet Technologiczny w Szczecinie; Wydział Budownictwa i Architektury"
Budownictwo;"Politechnika Świętokrzyska w Kielcach; Wydział Budownictwa i Architektury"
Budownictwo;"Uniwersytet Przyrodniczy we Wrocławiu; Wydział Inżynierii Kształtowania Środowiska i Geodezji"
Budownictwo;"Politechnika Warszawska; Wydział Budownictwa, Mechaniki i Petrochemii"
Budownictwo;"Wyższa Szkoła Zarządzania i Administracji w Zamościu; Wydział Zarządzania i Administracji"
Budownictwo;"Politechnika Warszawska; Wydział Inżynierii Lądowej"
Budownictwo;"Akademia Techniczno-Humanistyczna w Bielsku-Białej; Wydział Nauk o Materiałach i Środowisku"
Budownictwo;Państwowa Wyższa Szkoła Zawodowa im. Stanisława Staszica w Pile
Budownictwo;"Państwowa Wyższa Szkoła Zawodowa im. Prezydenta Stanisława Wojciechowskiego w Kaliszu; Wydział Politechniczny"
Budownictwo;"Państwowa Wyższa Szkoła Zawodowa im. prof. E. Szczepanika w Suwałkach; Instytut Politechniczny"
Budownictwo;"Wyższa Szkoła Techniczno-Przyrodnicza w Poznaniu z siedzibą w Poznaniu; Zakład Budownictwa"
Budownictwo;"Politechnika Lubelska; Wydział Budownictwa i Architektury"
Budownictwo;Uczelnia Warszawska im. Marii Skłodowskiej-Curie w Warszawie
Budownictwo;"Politechnika Koszalińska; Wydział Inżynierii Lądowej, Środowiska i Geodezji"
Budownictwo;Bydgoska Szkoła Wyższa w Bydgoszczy
Budownictwo;"Wyższa Szkoła Handlowa im. Bolesława Markowskiego w Kielcach; Wydział Nauk Technicznych"
Budownictwo;"Wyższa Szkoła Ekologii i Zarządzania w Warszawie; Wydział Architektury"
Budownictwo;"Międzynarodowa Wyższa Szkoła Logistyki i Transportu we Wrocławiu; Wydział Logistyki i Transportu"
Budownictwo;"Europejska Uczelnia Społeczno - Techniczna w Radomiu; Wydział Nauk Technicznych"
Budownictwo;"Politechnika Gdańska; Wydział Inżynierii Lądowej i Środowiska"
Budownictwo;"Politechnika Częstochowska; Wydział Budownictwa"
Budownictwo;"Wyższa Szkoła Agrobiznesu w Łomży; Wydział Techniczny"
Budownictwo;Państwowa Wyższa Szkoła Zawodowa im. Stanisława Pigonia w Krośnie
Budownictwo;"Wyższa Szkoła Gospodarki w Bydgoszczy; Wydział Studiów Stosowanych"
Budownictwo;"Wyższa Szkoła Techniczna we Włocławku; Wydział Nauk Technicznych"
Budownictwo;"Akademia Finansów i Biznesu Vistula; Wydział Inżynierski"
Budownictwo;"Uniwersytet Technologiczno-Humanistyczny im. Kazimierza Pułaskiego w Radomiu; Wydział Mechaniczny"
Budownictwo;"Wyższa Szkoła Techniczna w Katowicach; Wydział Architektury, Budownictwa i Sztuk Stosowanych"
Budownictwo;"Collegium Mazovia Innowacyjna Szkoła Wyższa w Siedlcach; Wydział Nauk Stosowanych"
Budownictwo;"Państwowa Szkoła Wyższa im. Papieża Jana Pawła II w Białej Podlaskiej; Wydział Nauk Ekonomicznych i Technicznych"
Budownictwo;"Państwowa Wyższa Szkoła Zawodowa w Koninie; Wydział Budownictwa, Mechaniki i Inżynierii Środowiska"
Budownictwo;"Państwowa Wyższa Szkoła Zawodowa w Koninie; Wydział Budownictwa, Mechaniki i Inżynierii Środowiska"
Budownictwo;"Uczelnia Techniczno-Handlowa im. Heleny Chodkowskiej; Wydział Inżynieryjny"
Budownictwo;Państwowa Wyższa Szkoła Zawodowa w Elblągu
Budownictwo;"Wyższa Inżynierska Szkoła Bezpieczeństwa i Organizacji Pracy w Radomiu; Wydział Budownictwa i Bezpieczeństwa Pracy"
Chemia;"Wojskowa Akademia Techniczna im. Jarosława Dąbrowskiego; Wydział Nowych Technologii i Chemii"
Chemia;"Wyższa Szkoła Zawodowa Łódzkiej Korporacji Oświatowej w Łodzi; Wydział Chemii Stosowanej"
Chemia techniczna;"Uniwersytet Marii Curie-Skłodowskiej w Lublinie; Wydział Zamiejscowy w Puławach"
Edukacja techniczno-informatyczna;"Uniwersytet Zielonogórski; Wydział Mechaniczny"
Edukacja techniczno-informatyczna;"Uniwersytet Pedagogiczny im. Komisji Edukacji Narodowej w Krakowie; Wydział Matematyczno-Fizyczno-Techniczny"
Edukacja techniczno-informatyczna;"Politechnika Białostocka; Wydział Mechaniczny"
Edukacja techniczno-informatyczna;"Uniwersytet Rzeszowski; Wydział Matematyczno-Przyrodniczy"
Edukacja techniczno-informatyczna;"Politechnika Lubelska; Wydział Podstaw Techniki"
Edukacja techniczno-informatyczna;"Politechnika Koszalińska; Wydział Elektroniki i Informatyki"
Edukacja techniczno-informatyczna;"Wyższa Szkoła Ekologii i Zarządzania w Warszawie; Wydział Ekologii"
Edukacja techniczno-informatyczna;"Wyższa Szkoła Pedagogiczno-Techniczna w Koninie; Wydział Nauk Humanistycznych i Technicznych"
Edukacja techniczno-informatyczna;"Wyższa Szkoła Techniczno-Ekonomiczna w Szczecinie; Wydział Transportu Samochodowego"
Elektronika i telekomunikacja;"Wojskowa Akademia Techniczna im. Jarosława Dąbrowskiego; Wydział Elektroniki"
Elektronika i telekomunikacja;"Politechnika Łódzka; Wydział Elektrotechniki, Elektroniki, Informatyki i Automatyki"
Elektronika i telekomunikacja;"Uniwersytet Zielonogórski; Wydział Elektrotechniki, Informatyki i Telekomunikacji"
Elektronika i telekomunikacja;"Uniwersytet Technologiczno-Przyrodniczy im. Jana i Jędrzeja Śniadeckich w Bydgoszczy; Wydział Telekomunikacji, Informatyki i Elektrotechniki"
Elektronika i telekomunikacja;"Politechnika Poznańska; Wydział Elektroniki i Telekomunikacji"
Elektronika i telekomunikacja;"Politechnika Rzeszowska im. Ignacego Łukasiewicza; Wydział Elektrotechniki i Informatyki"
Elektronika i telekomunikacja;"Politechnika Śląska; Wydział Automatyki, Elektroniki i Informatyki"
Elektronika i telekomunikacja;"Państwowa Wyższa Szkoła Techniczno-Ekonomiczna im. ks. Bronisława Markiewicza w Jarosławiu; Instytut Inżynierii Technicznej"
Elektronika i telekomunikacja;"Politechnika Śląska; Wydział Elektryczny"
Elektronika i telekomunikacja;"Politechnika Białostocka; Wydział Elektryczny"
Elektronika i telekomunikacja;"Zachodniopomorski Uniwersytet Technologiczny w Szczecinie; Wydział Elektryczny"
Elektronika i telekomunikacja;"Akademia Górniczo-Hutnicza im. Stanisława Staszica w Krakowie; Wydział Informatyki, Elektroniki i Telekomunikacji"
Elektronika i telekomunikacja;"Politechnika Warszawska; Wydział Elektroniki i Technik Informacyjnych"
Elektronika i telekomunikacja;"Politechnika Koszalińska; Wydział Elektroniki i Informatyki"
Elektronika i telekomunikacja;"Politechnika Częstochowska; Wydział Elektryczny"
Elektronika i telekomunikacja;"Akademia Morska w Gdyni; Wydział Elektryczny"
Elektronika i telekomunikacja;"Akademia Górniczo-Hutnicza im. Stanisława Staszica w Krakowie; Wydział Informatyki, Elektroniki i Telekomunikacji"
Elektrotechnika;"Politechnika Łódzka; Wydział Elektrotechniki, Elektroniki, Informatyki i Automatyki"
Elektrotechnika;"Uniwersytet Zielonogórski; Wydział Elektrotechniki, Informatyki i Telekomunikacji"
Elektrotechnika;"Politechnika Poznańska; Wydział Elektryczny"
Elektrotechnika;Państwowa Wyższa Szkoła Zawodowa im. Jana Amosa Komeńskiego w Lesznie
Elektrotechnika;"Politechnika Rzeszowska im. Ignacego Łukasiewicza; Wydział Elektrotechniki i Informatyki"
Elektrotechnika;"Politechnika Śląska; Wydział Elektryczny"
Elektrotechnika;"Uniwersytet Technologiczno-Przyrodniczy im. Jana i Jędrzeja Śniadeckich w Bydgoszczy; Wydział Telekomunikacji, Informatyki i Elektrotechniki"
Elektrotechnika;"Politechnika Wrocławska; Wydział Elektryczny"
Elektrotechnika;"Politechnika Białostocka; Wydział Elektryczny"
Elektrotechnika;"Politechnika Gdańska; Wydział Elektrotechniki i Automatyki"
Elektrotechnika;Państwowa Wyższa Szkoła Zawodowa w Chełmie
Elektrotechnika;"Politechnika Opolska; Wydział Elektrotechniki, Automatyki i Informatyki"
Elektrotechnika;"Politechnika Krakowska im. Tadeusza Kościuszki; Wydział Inżynierii Elektrycznej i Komputerowej"
Elektrotechnika;"Zachodniopomorski Uniwersytet Technologiczny w Szczecinie; Wydział Elektryczny"
Elektrotechnika;"Politechnika Warszawska; Wydział Elektryczny"
Elektrotechnika;"Politechnika Świętokrzyska w Kielcach; Wydział Elektrotechniki, Automatyki i Informatyki"
Elektrotechnika;Państwowa Wyższa Szkoła Zawodowa im. Stanisława Staszica w Pile
Elektrotechnika;"Państwowa Wyższa Szkoła Zawodowa im. Prezydenta Stanisława Wojciechowskiego w Kaliszu; Wydział Politechniczny"
Elektrotechnika;"Uniwersytet Technologiczno-Humanistyczny im. Kazimierza Pułaskiego w Radomiu; Wydział Transportu i Elektrotechniki"
Elektrotechnika;"Politechnika Lubelska; Wydział Elektrotechniki i Informatyki"
Elektrotechnika;"Politechnika Częstochowska; Wydział Elektryczny"
Elektrotechnika;"Akademia Morska w Gdyni; Wydział Elektryczny"
Elektrotechnika;"Akademia Górniczo-Hutnicza im. Stanisława Staszica w Krakowie; Wydział Elektrotechniki, Automatyki, Informatyki i Inżynierii Biomedycznej"
Elektrotechnika;Uczelnia Warszawska im. Marii Skłodowskiej-Curie w Warszawie
Energetyka;"Wojskowa Akademia Techniczna im. Jarosława Dąbrowskiego; Wydział Elektroniki"
Energetyka;"Politechnika Łódzka; Wydział Mechaniczny"
Energetyka;"Politechnika Łódzka; Wydział Elektrotechniki, Elektroniki, Informatyki i Automatyki"
Energetyka;"Politechnika Poznańska; Wydział Elektryczny"
Energetyka;"Politechnika Wrocławska; Wydział Mechaniczno-Energetyczny"
Energetyka;"Politechnika Śląska; Wydział Inżynierii Środowiska i Energetyki"
Energetyka;"Politechnika Krakowska im. Tadeusza Kościuszki; Wydział Mechaniczny"
Energetyka;"Uniwersytet Warmińsko-Mazurski w Olsztynie; Wydział Nauk Technicznych"
Energetyka;"Politechnika Białostocka; Wydział Elektryczny"
Energetyka;"Politechnika Koszalińska; Wydział Mechaniczny"
Energetyka;"Wyższa Szkoła Kadr Menedżerskich w Koninie z siedzibą w Koninie; Wydział Energetyki"
Energetyka;"Politechnika Częstochowska; Wydział Inżynierii Mechanicznej i Informatyki"
Energetyka;Państwowa Wyższa Szkoła Zawodowa im. Stanisława Pigonia w Krośnie
Energetyka;"Uniwersytet Technologiczno-Przyrodniczy im. Jana i Jędrzeja Śniadeckich w Bydgoszczy; Wydział Telekomunikacji, Informatyki i Elektrotechniki"
Energetyka;"Politechnika Śląska; Wydział Elektryczny"
Energetyka;Państwowa Wyższa Szkoła Zawodowa w Sulechowie
Energetyka;"Państwowa Wyższa Szkoła Zawodowa im. Jakuba z Paradyża w Gorzowie Wielkopolskim; Wydział Techniczny"
Fizyka techniczna;"Uniwersytet Jana Kochanowskiego w Kielcach; Wydział Matematyczno-Przyrodniczy"
Fizyka techniczna;"Politechnika Częstochowska; Wydział Inżynierii Produkcji i Technologii Materiałów"
gastronomia i hotelarstwo;"Szkoła Główna Gospodarstwa Wiejskiego w Warszawie; Wydział Nauk o Żywieniu Człowieka i Konsumpcji"
Gastronomia i sztuka kulinarna;"Uniwersytet Przyrodniczy w Lublinie; Wydział Nauk o Żywności i Biotechnologii"
Geodezja i kartografia;"Wojskowa Akademia Techniczna im. Jarosława Dąbrowskiego; Wydział Inżynierii Lądowej i Geodezji"
Geodezja i kartografia;"Uniwersytet Rolniczy im. Hugona Kołłątaja w Krakowie; Wydział Inżynierii Środowiska i Geodezji"
Geodezja i kartografia;"Państwowa Wyższa Szkoła Techniczno-Ekonomiczna im. ks. Bronisława Markiewicza w Jarosławiu; Instytut Inżynierii Technicznej"
Geodezja i kartografia;"Wyższa Szkoła Inżynieryjno-Ekonomiczna w Rzeszowie; Wydział Przedsiębiorczości"
Geodezja i kartografia;"Akademia Górniczo-Hutnicza im. Stanisława Staszica w Krakowie; Wydział Geodezji Górniczej i Inżynierii Środowiska"
Geodezja i kartografia;"Uniwersytet Warmińsko-Mazurski w Olsztynie; Wydział Geodezji, Inżynierii Przestrzennej i Budownictwa"
Geodezja i kartografia;"Wyższa Szkoła Gospodarki Krajowej w Kutnie; Wydział Nauk Technicznych"
Geodezja i kartografia;"Kujawsko-Pomorska Szkoła Wyższa w Bydgoszczy; Wydział Techniczny"
Geodezja i kartografia;"Dolnośląska Szkoła Wyższa z siedzibą we Wrocławiu; Wydział Nauk Technicznych"
Geodezja i kartografia;"Wyższa Szkoła Biznesu i Przedsiębiorczości w Ostrowcu Świętokrzyskim; Wydział Nauk Społecznych i Technicznych"
Geodezja i kartografia;"Politechnika Świętokrzyska w Kielcach; Wydział Inżynierii Środowiska, Geomatyki i Energetyki"
Geodezja i kartografia;"Uniwersytet Przyrodniczy we Wrocławiu; Wydział Inżynierii Kształtowania Środowiska i Geodezji"
Geodezja i kartografia;"Politechnika Warszawska; Wydział Geodezji i Kartografii"
Geodezja i kartografia;"Wyższa Szkoła Inżynierii Gospodarki w Słupsku; Wydział Gospodarki Przestrzennej i Geodezji"
Geodezja i kartografia;Uczelnia Warszawska im. Marii Skłodowskiej-Curie w Warszawie
Geodezja i kartografia;"Politechnika Koszalińska; Wydział Inżynierii Lądowej, Środowiska i Geodezji"
Geodezja i kartografia;"Społeczna Akademia Nauk z siedzibą w Łodzi; Wydział Studiów Międzynarodowych i Informatyki"
Geodezja i kartografia;"Politechnika Gdańska; Wydział Inżynierii Lądowej i Środowiska"
Geodezja i kartografia;"Akademia Morska w Szczecinie; Wydział Nawigacyjny"
Geodezja i kartografia;"Uniwersytet Warmińsko-Mazurski w Olsztynie; Wydział Studiów Technicznych i Społecznych w Ełku"
Geodezja i kartografia;"Akademia Finansów i Biznesu Vistula; Wydział Inżynierski"
Geodezja i kartografia;"Uniwersytet im. Adama Mickiewicza w Poznaniu; Wydział Nauk Geograficznych i Geologicznych"
Geodezja i kartografia;Wyższa Szkoła Przedsiębiorczości z siedzibą w Nowym Sączu
Gospodarka przestrzenna;"Uniwersytet Ekonomiczny w Krakowie; Wydział Finansów"
Gospodarka przestrzenna;"Uniwersytet im. Adama Mickiewicza w Poznaniu; Wydział Nauk Geograficznych i Geologicznych"
Gospodarka przestrzenna;"Państwowa Wyższa Szkoła Techniczno-Ekonomiczna im. ks. Bronisława Markiewicza w Jarosławiu; Instytut Inżynierii Technicznej"
Gospodarka przestrzenna;"Uniwersytet Warmińsko-Mazurski w Olsztynie; Wydział Geodezji, Inżynierii Przestrzennej i Budownictwa"
Gospodarka przestrzenna;"Uniwersytet Rolniczy im. Hugona Kołłątaja w Krakowie; Wydział Inżynierii Środowiska i Geodezji"
Gospodarka przestrzenna;"Uniwersytet Przyrodniczo-Humanistyczny w Siedlcach; Wydział Przyrodniczy"
Gospodarka przestrzenna;"Wyższa Szkoła Przedsiębiorczości i Administracji w Lublinie; Wydział Nauk Technicznych"
Gospodarka przestrzenna;"Politechnika Białostocka; Wydział Budownictwa i Inżynierii Środowiska"
Gospodarka przestrzenna;"Uniwersytet Przyrodniczy we Wrocławiu; Wydział Inżynierii Kształtowania Środowiska i Geodezji"
Gospodarka przestrzenna;"Politechnika Warszawska; Wydział Geodezji i Kartografii"
Gospodarka przestrzenna;"Szkoła Wyższa im. Bogdana Jańskiego w Warszawie; Wydział Zamiejscowy w Opolu"
Gospodarka przestrzenna;"Górnośląska Wyższa Szkoła Handlowa im. Wojciecha Korfantego w Katowicach; Wydział Zarządzania"
Gospodarka przestrzenna;"Szkoła Główna Gospodarstwa Wiejskiego w Warszawie; Wydział Leśny"
Gospodarka przestrzenna;"Uniwersytet Przyrodniczy w Lublinie; Wydział Agrobioinżynierii"
Gospodarka przestrzenna;"Uniwersytet Przyrodniczy w Poznaniu; Wydział Melioracji i Inżynierii Środowiska"
Gospodarka przestrzenna;"Szkoła Wyższa im. Bogdana Jańskiego w Warszawie; Wydział Zamiejscowy w Zabrzu"
Gospodarka przestrzenna;"Szkoła Wyższa im. Bogdana Jańskiego w Warszawie; Wydział Zarządzania w Warszawie"
Gospodarka przestrzenna;"Szkoła Wyższa im. Bogdana Jańskiego w Warszawie; Wydział Zamiejscowy w Elblągu"
Gospodarka przestrzenna;"Szkoła Wyższa im. Bogdana Jańskiego w Warszawie; Wydział Zamiejscowy w Chełmie"
Gospodarka przestrzenna;"Staropolska Szkoła Wyższa w Kielcach; Wydział Ekonomiczny"
Gospodarka przestrzenna;"Podkarpacka Szkoła Wyższa im. bł. ks. Władysława Findysza w Jaśle; Wydział Ekonomii, Gospodarki Przestrzennej i Transportu"
Gospodarka przestrzenna;"Wyższa Szkoła Infrastruktury i Zarządzania w Warszawie; Wydział Gospodarki Przestrzennej i Infrastruktury"
Gospodarka przestrzenna;Wyższa Szkoła Przedsiębiorczości i Nauk Społecznych w Otwocku
Gospodarka przestrzenna;"Krakowska Akademia im. Andrzeja Frycza Modrzewskiego w Krakowie; Wydział Zarządzania i Komunikacji Społecznej"
Gospodarka przestrzenna;Podhalańska Państwowa Wyższa Szkoła Zawodowa w Nowym Targu
Gospodarka przestrzenna;"Uniwersytet Ekonomiczny we Wrocławiu; Wydział Nauk Ekonomicznych"
Gospodarka przestrzenna;"Wyższa Szkoła Techniczna w Katowicach; Wydział Architektury, Budownictwa i Sztuk Stosowanych"
Gospodarka przestrzenna;"Wyższa Szkoła Finansów i Zarządzania w Białymstoku; Wydział Nauk Ekonomicznych"
Gospodarka w ekosystemach rolnych i leśnych;Państwowa Wyższa Szkoła Zawodowa im. Jana Grodka w Sanoku
Górnictwo i geologia;"Uczelnia Zawodowa Zagłębia Miedziowego w Lubinie; Wydział Nauk Technicznych"
Górnictwo i geologia;"Politechnika Wrocławska; Wydział Geoinżynierii, Górnictwa i Geologii"
Górnictwo i geologia;"Politechnika Śląska; Wydział Górnictwa i Geologii"
Górnictwo i geologia;"Akademia Górniczo-Hutnicza im. Stanisława Staszica w Krakowie; Wydział Górnictwa i Geoinżynierii"
Górnictwo i geologia;"Akademia Górniczo-Hutnicza im. Stanisława Staszica w Krakowie; Wydział Wiertnictwa, Nafty i Gazu"
hodowla i ochrona zwierząt towarzyszących i dzikich;"Szkoła Główna Gospodarstwa Wiejskiego w Warszawie; Wydział Nauk o Zwierzętach"
Informatyka;"Szkoła Wyższa im. Pawła Włodkowica w Płocku; Wydział Informatyki"
Informatyka;"Wojskowa Akademia Techniczna im. Jarosława Dąbrowskiego; Wydział Cybernetyki"
Informatyka;"Politechnika Łódzka; Wydział Elektrotechniki, Elektroniki, Informatyki i Automatyki"
Informatyka;"Politechnika Łódzka; Wydział Fizyki Technicznej, Informatyki i Matematyki Stosowanej"
Informatyka;"Uniwersytet Zielonogórski; Wydział Elektrotechniki, Informatyki i Telekomunikacji"
Informatyka;"Wyższa Szkoła Informatyki, Zarządzania i Administracji w Warszawie; Wydział Informatyki i Telekomunikacji"
Informatyka;"Politechnika Poznańska; Wydział Elektryczny"
Informatyka;"Politechnika Wrocławska; Wydział Elektroniki"
Informatyka;Państwowa Wyższa Szkoła Zawodowa im. Jana Amosa Komeńskiego w Lesznie
Informatyka;"Politechnika Rzeszowska im. Ignacego Łukasiewicza; Wydział Elektrotechniki i Informatyki"
Informatyka;"Politechnika Poznańska; Wydział Informatyki"
Informatyka;"Politechnika Wrocławska; Wydział Informatyki i Zarządzania"
Informatyka;"Szkoła Główna Gospodarstwa Wiejskiego w Warszawie; Wydział Zastosowań Informatyki i Matematyki"
Informatyka;"Dolnośląska Wyższa Szkoła Przedsiębiorczości i Techniki w Polkowicach; Wydział Nauk Technicznych"
Informatyka;"Wyższa Szkoła Finansów i Zarządzania w Białymstoku; Wydział Nauk Technicznych Fiilia w Ełku"
Informatyka;"Akademia Marynarki Wojennej im. Bohaterów Westerplatte; Wydział Nawigacji i Uzbrojenia Okrętowego"
Informatyka;"Wyższa Szkoła Informatyki i Zarządzania z siedziba w Rzeszowie; Wydział Informatyki Stosowanej"
Informatyka;"Politechnika Śląska; Wydział Elektryczny"
Informatyka;"Uniwersytet im. Adama Mickiewicza w Poznaniu; Wydział Matematyki i Informatyki"
Informatyka;"Uniwersytet Przyrodniczo-Humanistyczny w Siedlcach; Wydział Nauk Ścisłych"
Informatyka;"Państwowa Wyższa Szkoła Techniczno-Ekonomiczna im. ks. Bronisława Markiewicza w Jarosławiu; Instytut Inżynierii Technicznej"
Informatyka;"Politechnika Białostocka; Wydział Informatyki"
Informatyka;Państwowa Wyższa Szkoła Zawodowa we Włocławku
Informatyka;"Uniwersytet Warmińsko-Mazurski w Olsztynie; Wydział Matematyki i Informatyki"
Informatyka;Państwowa Wyższa Szkoła Zawodowa w Nowym Sączu
Informatyka;"Politechnika Krakowska im. Tadeusza Kościuszki; Wydział Fizyki, Matematyki i Informatyki"
Informatyka;Państwowa Wyższa Szkoła Zawodowa w Nysie
Informatyka;"Kujawsko-Pomorska Szkoła Wyższa w Bydgoszczy; Wydział Techniczny"
Informatyka;"Politechnika Opolska; Wydział Elektrotechniki, Automatyki i Informatyki"
Informatyka;"Politechnika Krakowska im. Tadeusza Kościuszki; Wydział Inżynierii Elektrycznej i Komputerowej"
Informatyka;"Zachodniopomorski Uniwersytet Technologiczny w Szczecinie; Wydział Informatyki"
Informatyka;"Wyższa Szkoła Przedsiębiorczości i Administracji w Lublinie; Wydział Nauk Technicznych"
Informatyka;"Akademia im. Jana Długosza w Częstochowie; Wydział Matematyczno-Przyrodniczy"
Informatyka;"Akademia Górniczo-Hutnicza im. Stanisława Staszica w Krakowie; Wydział Informatyki, Elektroniki i Telekomunikacji"
Informatyka;"Państwowa Wyższa Szkoła Zawodowa im. Prezydenta Stanisława Wojciechowskiego w Kaliszu; Wydział Politechniczny"
Informatyka;"Wyższa Szkoła Ekonomii, Prawa i Nauk Medycznych im. prof. Edwarda Lipińskiego w Kielcach; Wydział Informatyki"
Informatyka;"Uniwersytet Jana Kochanowskiego w Kielcach; Wydział Matematyczno-Przyrodniczy"
Informatyka;"Politechnika Warszawska; Wydział Elektryczny"
Informatyka;"Politechnika Warszawska; Wydział Elektroniki i Technik Informacyjnych"
Informatyka;"Politechnika Świętokrzyska w Kielcach; Wydział Elektrotechniki, Automatyki i Informatyki"
Informatyka;Państwowa Wyższa Szkoła Informatyki i Przedsiębiorczości w Łomży
Informatyka;"Politechnika Śląska; Wydział Automatyki, Elektroniki i Informatyki"
Informatyka;"Wyższa Szkoła Biznesu - National Louis University z siedzibą w Nowym Sączu; Wydział Nauk Społecznych i Informatyki"
Informatyka;"Górnośląska Wyższa Szkoła Handlowa im. Wojciecha Korfantego w Katowicach; Wydział Zarządzania"
Informatyka;"Uniwersytet Rzeszowski; Wydział Matematyczno-Przyrodniczy"
Informatyka;"Akademia Techniczno-Humanistyczna w Bielsku-Białej; Wydział Budowy Maszyn i Informatyki"
Informatyka;Wyższa Szkoła Komunikacji i Zarządzania w Poznaniu
Informatyka;"Politechnika Gdańska; Wydział Elektroniki, Telekomunikacji i Informatyki"
Informatyka;Państwowa Wyższa Szkoła Zawodowa im. Hipolita Cegielskiego w Gnieźnie
Informatyka;"Wyższa Szkoła Kultury Społecznej i Medialnej w Toruniu; Wydział Nauk o Kulturze Społecznej i Medialnej"
Informatyka;"Politechnika Lubelska; Wydział Elektrotechniki i Informatyki"
Informatyka;"Uniwersytet Technologiczno-Humanistyczny im. Kazimierza Pułaskiego w Radomiu; Wydział Informatyki i Matematyki"
Informatyka;Warszawska Wyższa Szkoła Informatyki w Warszawie
Informatyka;"Wyższa Szkoła Technologii Informatycznych w Katowicach; Wydział Informatyki"
Informatyka;"Wyższa Szkoła Finansów i Prawa w Bielsku-Białej; Wydział Finansów i Technologii Informatycznych"
Informatyka;"Wyższa Szkoła Zarządzania ""Edukacja"" we Wrocławiu; Wydział Zarządzania"
Informatyka;"Wrocławska Wyższa Szkoła Informatyki Stosowanej we Wrocławiu; Wydział Informatyki"
Informatyka;"Stargardzka Szkoła Wyższa Stargardinum w Stargardzie Szczecińskim; Wydział Nauk Zespolonych"
Informatyka;"Społeczna Akademia Nauk z siedzibą w Łodzi; Wydział Zamiejscowy w Ostrowie Wielkopolskim"
Informatyka;"Wielkopolska Wyższa Szkoła Społeczno-Ekonomiczna w Środzie Wielkopolskiej; Wydział Ekonomiczny"
Informatyka;Uczelnia Warszawska im. Marii Skłodowskiej-Curie w Warszawie
Informatyka;"Wyższa Szkoła Informatyki Stosowanej i Zarządzania w Warszawie; Wydział Informatyki"
Informatyka;"Politechnika Koszalińska; Wydział Elektroniki i Informatyki"
Informatyka;"Społeczna Akademia Nauk z siedzibą w Łodzi; Wydział Studiów Międzynarodowych i Informatyki"
Informatyka;"Europejska Uczelnia Informatyczno-Ekonomiczna w Warszawie; Wydział Informatyki"
Informatyka;"Wyższa Szkoła Biznesu w Dąbrowie Górniczej; Wydział Zamiejscowy w Cieszynie"
Informatyka;"Wyższa Szkoła Informatyki i Zarządzania w Bielsku-Białej; Wydział Informatyki"
Informatyka;"Prywatna Wyższa Szkoła Nauk Społecznych, Komputerowych i Medycznych z siedzibą w Warszawie; Wydział Nauk Społecznych i Technik Komputerowych"
Informatyka;"Wyższa Szkoła Biznesu w Dąbrowie Górniczej; Wydział Zarządzania, Informatyki i Nauk Społecznych"
Informatyka;"Wyższa Szkoła Biznesu w Dąbrowie Górniczej; Wydział Zarządzania, Informatyki i Nauk Społecznych"
Informatyka;"Zachodniopomorska Szkoła Biznesu w Szczecinie; Wydział Ekonomii i Informatyki w Szczecinie"
Informatyka;"Wyższa Szkoła Turystyki i Ekologii w Suchej Beskidzkiej; Wydział Informatyki"
Informatyka;"Uniwersytet Śląski w Katowicach; Wydział Informatyki i Nauki o Materiałach"
Informatyka;"Wyższa Szkoła Techniczno-Ekonomiczna w Świdnicy z siedzibą w Świdnicy; Wydział Informatyki"
Informatyka;"Uniwersytet Kazimierza Wielkiego w Bydgoszczy; Wydział Matematyki, Fizyki i Techniki"
Informatyka;"Wyższa Szkoła Zarządzania i Administracji w Zamościu; Wydział Zarządzania i Administracji"
Informatyka;"Wyższa Szkoła Zarządzania w Gdańsku; Wydział Informatyki i Zarządzania"
Informatyka;"Uniwersytet Opolski; Wydział Matematyki, Fizyki i Informatyki"
Informatyka;"Politechnika Częstochowska; Wydział Elektryczny"
Informatyka;"Politechnika Częstochowska; Wydział Inżynierii Mechanicznej i Informatyki"
Informatyka;"Wyższa Szkoła Technologii Informatycznych w Warszawie; Wydział Informatyki"
Informatyka;"Wyższa Szkoła Zarządzania i Bankowości w Krakowie; Wydział Zarządzania i Informatyki"
Informatyka;"Wyższa Szkoła Informatyki i Zarządzania ""COPERNICUS"" we Wrocławiu; Wydział Informatyki, Administracji i Fizjoterapii"
Informatyka;Państwowa Wyższa Szkoła Zawodowa im. Stanisława Pigonia w Krośnie
Informatyka;"Śląska Wyższa Szkoła Informatyczno-Medyczna w Chorzowie; Wydział Grafiki i Informatyki"
Informatyka;"Wyższa Szkoła Techniczno-Ekonomiczna w Warszawie; Wydział Nauk Techniczno-Ekonomicznych"
Informatyka;"Akademia Górniczo-Hutnicza im. Stanisława Staszica w Krakowie; Wydział Informatyki, Elektroniki i Telekomunikacji"
Informatyka;"Polsko-Japońska Akademia Technik Komputerowych; Wydział Informatyki"
Informatyka;"Polsko-Japońska Akademia Technik Komputerowych; Wydział Zamiejscowy Informatyki w Gdańsku"
Informatyka;"Wyższa Szkoła Gospodarki w Bydgoszczy; Wydział Studiów Stosowanych"
Informatyka;"Wyższa Szkoła Nauk Humanistycznych i Dziennikarstwa w Poznaniu; Wydział Informatyki i Komunikacji Wizualnej"
Informatyka;"Wyższa Szkoła Bankowa w Poznaniu; Wydział Finansów i Bankowości"
Informatyka;"Wyższa Szkoła Handlowa w Radomiu; Wydział Studiów Strategicznych i Technicznych"
Informatyka;"Państwowa Wyższa Szkoła Zawodowa w Skierniewicach; Wydział Nauk Przyrodniczych i Technicznych"
Informatyka;"Państwowa Wyższa Szkoła Zawodowa w Skierniewicach; Wydział Nauk Przyrodniczych i Technicznych"
Informatyka;"Collegium Mazovia Innowacyjna Szkoła Wyższa w Siedlcach; Wydział Nauk Stosowanych"
Informatyka;"Państwowa Wyższa Szkoła Zawodowa im. Jakuba z Paradyża w Gorzowie Wielkopolskim; Wydział Techniczny"
Informatyka;"Państwowa Wyższa Szkoła Zawodowa w Ciechanowie; Wydział Inżynierii i Ekonomii"
Informatyka;"Państwowa Wyższa Szkoła Zawodowa w Ciechanowie; Wydział Inżynierii i Ekonomii"
Informatyka;"Wyższa Szkoła Menedżerska w Warszawie; Wydział Menedżerski i Nauk Technicznych"
Informatyka;"Politechnika Białostocka; Wydział Informatyki"
Informatyka;Państwowa Wyższa Szkoła Zawodowa w Elblągu
Informatyka;Bielska Wyższa Szkoła im. Józefa Tyszkiewicza w Bielsku-Białej
Informatyka;"Społeczna Akademia Nauk z siedzibą w Łodzi; Społeczna Akademia Nauk Filia w Warszawie; Wydział Zamiejscowy w Warszawie"
Informatyka;"Wyższa Szkoła Informatyki i Zarządzania im. Prof. Tadeusza Kotarbińskiego z siedzibą w Olsztynie; Wydział Nauk Technicznych i Społecznych"
Informatyka i ekonometria;"Wyższa Szkoła Ekonomii i Informatyki w Krakowie; Wydział Ekonomiczno-Informatyczny"
Informatyka stosowana [do 2012-09-30 Informatyka stosowana];"Akademia Górniczo-Hutnicza im. Stanisława Staszica w Krakowie; Wydział Inżynierii Metali i Informatyki Przemysłowej"
Informatyka stosowana;"Uniwersytet Technologiczno-Przyrodniczy im. Jana i Jędrzeja Śniadeckich w Bydgoszczy; Wydział Telekomunikacji, Informatyki i Elektrotechniki"
Informatyka, studia inżynierskie;"Uniwersytet Łódzki; Wydział Fizyki i Informatyki Stosowanej"
Inwestycje i wdrożenia przemysłowe;"Politechnika Koszalińska; Wydział Mechaniczny"
Inżynieria bezpieczeństwa;"Wyższa Szkoła Oficerska Wojsk Lądowych imienia generała Tadeusza Kościuszki; Wydział Nauk o Bezpieczeństwie"
Inżynieria bezpieczeństwa;"Politechnika Krakowska im. Tadeusza Kościuszki; Wydział Mechaniczny"
Inżynieria bezpieczeństwa;"Politechnika Śląska; Wydział Górnictwa i Geologii"
Inżynieria bezpieczeństwa;"Uniwersytet Warmińsko-Mazurski w Olsztynie; Wydział Nauk Technicznych"
Inżynieria bezpieczeństwa;"Politechnika Poznańska; Wydział Inżynierii Zarządzania"
Inżynieria bezpieczeństwa;"Uniwersytet Rzeszowski; Wydział Matematyczno-Przyrodniczy"
Inżynieria bezpieczeństwa;"Politechnika Częstochowska; Wydział Inżynierii Produkcji i Technologii Materiałów"
Inżynieria bezpieczeństwa;"Akademia im. Jana Długosza w Częstochowie; Wydział Matematyczno-Przyrodniczy"
Inżynieria bezpieczeństwa;"Szkoła Główna Służby Pożarniczej; Wydział Inżynierii Bezpieczeństwa Pożarowego"
Inżynieria bezpieczeństwa;"Szkoła Główna Służby Pożarniczej; Wydział Inżynierii Bezpieczeństwa Cywilnego"
Inżynieria bezpieczeństwa;"Państwowa Wyższa Szkoła Zawodowa im. Jakuba z Paradyża w Gorzowie Wielkopolskim; Wydział Techniczny"
Inżynieria bezpieczeństwa pracy;"Politechnika Łódzka; Wydział Inżynierii Procesowej i Ochrony Środowiska"
Inżynieria bezpieczeństwa pracy;"Politechnika Łódzka; Wydział Technologii Materiałowych i Wzornictwa Tekstyliów"
Inżynieria bezpieczeństwa pracy;"Politechnika Łódzka; Wydział Organizacji i Zarządzania"
Inżynieria biomedyczna;"Politechnika Białostocka; Wydział Mechaniczny"
Inżynieria biomedyczna;"Politechnika Częstochowska; Wydział Inżynierii Mechanicznej i Informatyki"
Inżynieria biomedyczna;"Politechnika Częstochowska; Wydział Inżynierii Produkcji i Technologii Materiałów"
Inżynieria biomedyczna;"Politechnika Lubelska; Wydział Mechaniczny"
Inżynieria biomedyczna;"Politechnika Koszalińska; Wydział Technologii i Edukacji"
Inżynieria chemiczna i procesowa;"Uniwersytet Przyrodniczy w Lublinie; Wydział Inżynierii Produkcji"
Inżynieria chemiczna i procesowa;"Politechnika Częstochowska; Wydział Inżynierii Produkcji i Technologii Materiałów"
Inżynieria chemiczna i procesowa;"Zachodniopomorski Uniwersytet Technologiczny w Szczecinie; Wydział Technologii i Inżynierii Chemicznej"
Inżynieria materiałowa;"Politechnika Łódzka; Wydział Mechaniczny"
Inżynieria materiałowa;"Politechnika Poznańska; Wydział Budowy Maszyn i Zarządzania"
Inżynieria materiałowa;"Politechnika Śląska; Wydział Mechaniczny Technologiczny"
Inżynieria materiałowa;"Akademia Górniczo-Hutnicza im. Stanisława Staszica w Krakowie; Wydział Inżynierii Metali i Informatyki Przemysłowej"
Inżynieria materiałowa;"Akademia Górniczo-Hutnicza im. Stanisława Staszica w Krakowie; Wydział Inżynierii Materiałowej i Ceramiki"
Inżynieria materiałowa;"Politechnika Częstochowska; Wydział Inżynierii Produkcji i Technologii Materiałów"
Inżynieria materiałowa;"Politechnika Warszawska; Wydział Inżynierii Materiałowej"
Inżynieria materiałowa;"Wyższa Szkoła Inżynierii Dentystycznej i Nauk Humanistycznych im prof. Meissnera w Ustroniu; Wydział Inżynierii Dentystycznej"
Inżynieria materiałowa;"Politechnika Koszalińska; Wydział Technologii i Edukacji"
Inżynieria Mechaniczna i Materiałowa;"Akademia Górniczo-Hutnicza im. Stanisława Staszica w Krakowie; Wydział Inżynierii Mechanicznej i Robotyki"
Inżynieria naftowa i gazownicza;"Akademia Górniczo-Hutnicza im. Stanisława Staszica w Krakowie; Wydział Wiertnictwa, Nafty i Gazu"
Inżynieria odnawialnych źródeł energii;"Uniwersytet Technologiczno-Humanistyczny im. Kazimierza Pułaskiego w Radomiu; Wydział Mechaniczny"
Inżynieria produkcji;"Politechnika Łódzka; Wydział Mechaniczny"
Inżynieria produkcji;"Politechnika Lubelska; Wydział Mechaniczny"
Inżynieria przemysłu spożywczego;"Uniwersytet Przyrodniczy w Lublinie; Wydział Inżynierii Produkcji"
Inżynieria rolnicza;"Uniwersytet Przyrodniczy w Poznaniu; Wydział Rolnictwa i Bioinżynierii"
Inżynieria środowiska;"Politechnika Łódzka; Wydział Budownictwa, Architektury i Inżynierii Środowiska"
Inżynieria środowiska;"Uniwersytet Zielonogórski; Wydział Budownictwa, Architektury i Inżynierii Środowiska"
Inżynieria środowiska;"Politechnika Łódzka; Wydział Inżynierii Procesowej i Ochrony Środowiska"
Inżynieria środowiska;"Politechnika Wrocławska; Wydział Inżynierii Środowiska"
Inżynieria środowiska;"Uniwersytet Rolniczy im. Hugona Kołłątaja w Krakowie; Wydział Inżynierii Środowiska i Geodezji"
Inżynieria środowiska;"Politechnika Poznańska; Wydział Budownictwa i Inżynierii Środowiska"
Inżynieria środowiska;"Politechnika Śląska; Wydział Inżynierii Środowiska i Energetyki"
Inżynieria środowiska;"Szkoła Główna Gospodarstwa Wiejskiego w Warszawie; Wydział Budownictwa i Inżynierii Środowiska"
Inżynieria środowiska;"Uniwersytet Technologiczno-Przyrodniczy im. Jana i Jędrzeja Śniadeckich w Bydgoszczy; Wydział Budownictwa, Architektury i Inżynierii Środowiska"
Inżynieria środowiska;"Akademia Górniczo-Hutnicza im. Stanisława Staszica w Krakowie; Wydział Górnictwa i Geoinżynierii"
Inżynieria środowiska;"Akademia Górniczo-Hutnicza im. Stanisława Staszica w Krakowie; Wydział Geodezji Górniczej i Inżynierii Środowiska"
Inżynieria środowiska;"Politechnika Krakowska im. Tadeusza Kościuszki; Wydział Inżynierii Środowiska"
Inżynieria środowiska;"Politechnika Białostocka; Wydział Budownictwa i Inżynierii Środowiska"
Inżynieria środowiska;"Wyższa Szkoła Gospodarki Krajowej w Kutnie; Wydział Nauk Technicznych"
Inżynieria środowiska;"Politechnika Opolska; Wydział Mechaniczny"
Inżynieria środowiska;"Uniwersytet Przyrodniczy we Wrocławiu; Wydział Inżynierii Kształtowania Środowiska i Geodezji"
Inżynieria środowiska;"Politechnika Świętokrzyska w Kielcach; Wydział Inżynierii Środowiska, Geomatyki i Energetyki"
Inżynieria środowiska;"Politechnika Warszawska; Wydział Budownictwa, Mechaniki i Petrochemii"
Inżynieria środowiska;"Politechnika Warszawska; Wydział Inżynierii Środowiska"
Inżynieria środowiska;"Uniwersytet Przyrodniczy w Lublinie; Wydział Agrobioinżynierii"
Inżynieria środowiska;"Uniwersytet Przyrodniczy w Poznaniu; Wydział Melioracji i Inżynierii Środowiska"
Inżynieria środowiska;"Państwowa Wyższa Szkoła Zawodowa im. Prezydenta Stanisława Wojciechowskiego w Kaliszu; Wydział Politechniczny"
Inżynieria środowiska;"Akademia Techniczno-Humanistyczna w Bielsku-Białej; Wydział Nauk o Materiałach i Środowisku"
Inżynieria środowiska;Wyższa Szkoła Zarządzania Środowiskiem w Tucholi
Inżynieria środowiska;"Politechnika Lubelska; Wydział Inżynierii Środowiska"
Inżynieria środowiska;"Politechnika Koszalińska; Wydział Inżynierii Lądowej, Środowiska i Geodezji"
Inżynieria środowiska;Podhalańska Państwowa Wyższa Szkoła Zawodowa w Nowym Targu
Inżynieria środowiska;"Politechnika Gdańska; Wydział Inżynierii Lądowej i Środowiska"
Inżynieria środowiska;Państwowa Wyższa Szkoła Zawodowa im. Stanisława Pigonia w Krośnie
Inżynieria środowiska;"Politechnika Rzeszowska im. Ignacego Łukasiewicza; Wydział Budownictwa, Inżynierii Środowiska i Architektury"
Inżynieria środowiska;Państwowa Wyższa Szkoła Zawodowa im. Hipolita Cegielskiego w Gnieźnie
Inżynieria środowiska;"Państwowa Wyższa Szkoła Zawodowa w Koninie; Wydział Budownictwa, Mechaniki i Inżynierii Środowiska"
Inżynieria środowiska;"Państwowa Wyższa Szkoła Zawodowa w Ciechanowie; Wydział Inżynierii i Ekonomii"
Inżynieria środowiska;Wyższa Szkoła Przedsiębiorczości z siedzibą w Nowym Sączu
Inżynieria środowiska;"Collegium Mazovia Innowacyjna Szkoła Wyższa w Siedlcach; Wydział Nauk Stosowanych"
Inżynieria środowiska;"Politechnika Częstochowska; Wydział Inżynierii Środowiska i Biotechnologii"
Inżynieria środowiska;"Wyższa Inżynierska Szkoła Bezpieczeństwa i Organizacji Pracy w Radomiu; Wydział Budownictwa i Bezpieczeństwa Pracy"
Inżynieria techniczno-informatyczna [do 2013-06-06 Edukacja techniczno-informatyczna];"Wyższa Szkoła Techniczna we Włocławku; Wydział Mechaniczny w Grudziądzu"
Inżynieria zarządzania;"Politechnika Poznańska; Wydział Inżynierii Zarządzania"
Inżynieria zarządzania;"Wyższa Szkoła Bankowa w Toruniu; Wydział Finansów i Zarządzania w Toruniu"
Inżynieria zarządzania;"Wyższa Szkoła Bankowa w Toruniu; Wydział Finansów i Zarządzania w Bydgoszczy"
Inżynieria zarządzania;"Wyższa Szkoła Bankowa we Wrocławiu; Wydział Ekonomiczny w Opolu"
Inżynieria zarządzania;"Wyższa Szkoła Bankowa w Poznaniu; Wydział Zamiejscowy w Chorzowie"
Inżynieria zarządzania;"Wyższa Szkoła Techniczno-Przyrodnicza w Poznaniu z siedzibą w Poznaniu; Zakład Budownictwa"
Inżynieria zarządzania;"Wyższa Szkoła Biznesu w Dąbrowie Górniczej; Wydział Zamiejscowy w Krakowie"
Kryptologia i cyberbezpieczeństwo;"Wojskowa Akademia Techniczna im. Jarosława Dąbrowskiego; Wydział Cybernetyki"
Leśnictwo;"Uniwersytet Łódzki; Filia Uniwersytetu Łódzkiego w Tomaszowie Mazowieckim; Instytut Nauk Leśnych Filii Uniwersytetu Łódzkiego w Tomaszowie Mazowieckim"
Leśnictwo;"Uniwersytet Rolniczy im. Hugona Kołłątaja w Krakowie; Wydział Leśny"
Leśnictwo;"Szkoła Główna Gospodarstwa Wiejskiego w Warszawie; Wydział Leśny"
Leśnictwo;"Politechnika Białostocka; Zamiejscowy Wydział Leśny w Hajnówce"
Leśnictwo;"Uniwersytet Przyrodniczy w Lublinie; Wydział Agrobioinżynierii"
Leśnictwo;Wyższa Szkoła Zarządzania Środowiskiem w Tucholi
Leśnictwo;"Uniwersytet Przyrodniczy w Poznaniu; Wydział Leśny"
Logistyka;"Wyższa Szkoła Informatyki, Zarządzania i Administracji w Warszawie; Wydział Nauk Społecznych i Administracji"
Logistyka;"Wojskowa Akademia Techniczna im. Jarosława Dąbrowskiego; Wydział Mechaniczny"
Logistyka;"Politechnika Śląska; Wydział Organizacji i Zarządzania"
Logistyka;"Politechnika Rzeszowska im. Ignacego Łukasiewicza; Wydział Zarządzania"
Logistyka;"Wyższa Szkoła Informatyki i Zarządzania z siedziba w Rzeszowie; Wydział Ekonomiczny"
Logistyka;"Wyższa Szkoła Oficerska Sił Powietrznych; Wydział Bezpieczeństwa Narodowego i Logistyki"
Logistyka;"Politechnika Poznańska; Wydział Inżynierii Zarządzania"
Logistyka;"Wyższa Szkoła Bankowa w Toruniu; Wydział Finansów i Zarządzania w Bydgoszczy"
Logistyka;"Politechnika Opolska; Wydział Inżynierii Produkcji i Logistyki"
Logistyka;"Akademia Morska w Szczecinie; Wydział Inżynieryjno-Ekonomiczny Transportu"
Logistyka;"Wyższa Szkoła Logistyki w Poznaniu; Wydział Zarządzania i Logistyki"
Logistyka;"Toruńska Wyższa Szkoła Przedsiębiorczości z siedzibą w Toruniu; Wydział Przedsiębiorczości"
Logistyka;"Wyższa Szkoła Bankowa w Poznaniu; Wydział Ekonomiczny w Szczecinie"
Logistyka;"Wyższa Szkoła Bankowa w Poznaniu; Wydział Zamiejscowy w Chorzowie"
Logistyka;"Wyższa Szkoła Bankowa w Poznaniu; Wydział Finansów i Bankowości"
Logistyka;"Politechnika Świętokrzyska w Kielcach; Wydział Zarządzania i Modelowania Komputerowego"
Logistyka;"Wyższa Szkoła Bankowa we Wrocławiu; Wydział Finansów i Zarządzania"
Logistyka;"Uniwersytet Ekonomiczny w Katowicach; Wydział Ekonomii"
Logistyka;Państwowa Wyższa Szkoła Zawodowa im. Angelusa Silesiusa w Wałbrzychu
Logistyka;Bydgoska Szkoła Wyższa w Bydgoszczy
Logistyka;"Wyższa Szkoła Handlowa im. Bolesława Markowskiego w Kielcach; Wydział Zamiejscowy w Ostrowcu Świętokrzyskim"
Logistyka;"Międzynarodowa Wyższa Szkoła Logistyki i Transportu we Wrocławiu; Wydział Logistyki i Transportu"
Logistyka;"Pomorska Szkoła Wyższa w Starogardzie Gdańskim; Wydział Społeczno - Gospodarczy"
Logistyka;"Uniwersytet Zielonogórski; Wydział Ekonomii i Zarządzania"
Logistyka;"Politechnika Białostocka; Wydział Zarządzania"
Logistyka;"Wyższa Szkoła Ekonomii i Innowacji w Lublinie; Wydział Transportu i Informatyki"
Logistyka;"Wyższa Szkoła Planowania Strategicznego w Dąbrowie Górniczej; Wydział Społeczno-Medyczny"
Logistyka;"Śląska Wyższa Szkoła Zarządzania im. Gen. Jerzego Ziętka w Katowicach; Wydział Nauk Społecznych i Technicznych"
Logistyka;"Politechnika Częstochowska; Wydział Zarządzania"
Logistyka;"Wyższa Szkoła Biznesu w Dąbrowie Górniczej; Wydział Zarządzania, Informatyki i Nauk Społecznych"
Logistyka;"Wyższa Szkoła Biznesu w Dąbrowie Górniczej; Wydział Zarządzania, Informatyki i Nauk Społecznych"
Logistyka;"Wyższa Szkoła Gospodarki w Bydgoszczy; Wydział Studiów Stosowanych"
Lotnictwo i Kosmonautyka;"Wojskowa Akademia Techniczna im. Jarosława Dąbrowskiego; Wydział Mechatroniki i Lotnictwa"
Lotnictwo i Kosmonautyka;"Politechnika Rzeszowska im. Ignacego Łukasiewicza; Wydział Budowy Maszyn i Lotnictwa"
Lotnictwo i Kosmonautyka;"Wyższa Szkoła Służb Lotniczych z siedzibą w Bydgoszczy; Wydział Lotnictwa i Kosmonautyki"
Makrokierunek - bioinżynieria produkcji żywności;"Uniwersytet Przyrodniczo-Humanistyczny w Siedlcach; Wydział Przyrodniczy"
Makrokierunek - ekoenergetyka;"Uniwersytet Przyrodniczy w Poznaniu; Wydział Rolnictwa i Bioinżynierii"
Makrokierunek - informatyka i agroinżynieria;"Uniwersytet Przyrodniczy w Poznaniu; Wydział Rolnictwa i Bioinżynierii"
Makrokierunek - informatyka przemysłowa;"Politechnika Śląska; Wydział Inżynierii Materiałowej i Metalurgii"
Makrokierunek - informatyka stosowana z komputerową nauką o materiałach;"Politechnika Śląska; Wydział Mechaniczny Technologiczny"
Makrokierunek - nanotechnologia i technologie procesów mat.;"Politechnika Śląska; Wydział Mechaniczny Technologiczny"
Makrokierunek - technologie energii odnawialnej;"Szkoła Główna Gospodarstwa Wiejskiego w Warszawie; Wydział Inżynierii Produkcji"
Mechanika i budowa maszyn;"Wojskowa Akademia Techniczna im. Jarosława Dąbrowskiego; Wydział Mechaniczny"
Mechanika i budowa maszyn;"Politechnika Łódzka; Wydział Mechaniczny"
Mechanika i budowa maszyn;"Uniwersytet Zielonogórski; Wydział Mechaniczny"
Mechanika i budowa maszyn;"Politechnika Poznańska; Wydział Budowy Maszyn i Zarządzania"
Mechanika i budowa maszyn;Państwowa Wyższa Szkoła Zawodowa im. Jana Amosa Komeńskiego w Lesznie
Mechanika i budowa maszyn;Państwowa Wyższa Szkoła Zawodowa w Chełmie
Mechanika i budowa maszyn;Państwowa Wyższa Szkoła Zawodowa w Chełmie
Mechanika i budowa maszyn;"Politechnika Wrocławska; Wydział Mechaniczny"
Mechanika i budowa maszyn;"Politechnika Wrocławska; Wydział Mechaniczno-Energetyczny"
Mechanika i budowa maszyn;"Politechnika Poznańska; Wydział Maszyn Roboczych i Transportu"
Mechanika i budowa maszyn;"Politechnika Śląska; Wydział Mechaniczny Technologiczny"
Mechanika i budowa maszyn;"Politechnika Rzeszowska im. Ignacego Łukasiewicza; Wydział Budowy Maszyn i Lotnictwa"
Mechanika i budowa maszyn;"Akademia Górniczo-Hutnicza im. Stanisława Staszica w Krakowie; Wydział Inżynierii Mechanicznej i Robotyki"
Mechanika i budowa maszyn;"Uniwersytet Technologiczno-Przyrodniczy im. Jana i Jędrzeja Śniadeckich w Bydgoszczy; Wydział Inżynierii Mechanicznej"
Mechanika i budowa maszyn;"Politechnika Białostocka; Wydział Mechaniczny"
Mechanika i budowa maszyn;"Politechnika Krakowska im. Tadeusza Kościuszki; Wydział Mechaniczny"
Mechanika i budowa maszyn;"Uniwersytet Warmińsko-Mazurski w Olsztynie; Wydział Nauk Technicznych"
Mechanika i budowa maszyn;"Akademia Morska w Szczecinie; Wydział Mechaniczny"
Mechanika i budowa maszyn;"Politechnika Opolska; Wydział Mechaniczny"
Mechanika i budowa maszyn;"Politechnika Gdańska; Wydział Mechaniczny"
Mechanika i budowa maszyn;"Zachodniopomorski Uniwersytet Technologiczny w Szczecinie; Wydział Inżynierii Mechanicznej i Mechatroniki"
Mechanika i budowa maszyn;Państwowa Wyższa Szkoła Zawodowa im. Jana Grodka w Sanoku
Mechanika i budowa maszyn;"Politechnika Świętokrzyska w Kielcach; Wydział Mechatroniki i Budowy Maszyn"
Mechanika i budowa maszyn;"Akademia Marynarki Wojennej im. Bohaterów Westerplatte; Wydział Mechaniczno-Elektryczny"
Mechanika i budowa maszyn;"Politechnika Częstochowska; Wydział Inżynierii Mechanicznej i Informatyki"
Mechanika i budowa maszyn;"Politechnika Warszawska; Wydział Budownictwa, Mechaniki i Petrochemii"
Mechanika i budowa maszyn;"Politechnika Warszawska; Wydział Inżynierii Produkcji"
Mechanika i budowa maszyn;"Politechnika Warszawska; Wydział Mechaniczny Energetyki i Lotnictwa"
Mechanika i budowa maszyn;"Politechnika Warszawska; Wydział Samochodów i Maszyn Roboczych"
Mechanika i budowa maszyn;Państwowa Wyższa Szkoła Zawodowa im. Stanisława Staszica w Pile
Mechanika i budowa maszyn;"Państwowa Wyższa Szkoła Zawodowa im. Prezydenta Stanisława Wojciechowskiego w Kaliszu; Wydział Politechniczny"
Mechanika i budowa maszyn;"Akademia Techniczno-Humanistyczna w Bielsku-Białej; Wydział Budowy Maszyn i Informatyki"
Mechanika i budowa maszyn;"Uniwersytet Technologiczno-Humanistyczny im. Kazimierza Pułaskiego w Radomiu; Wydział Mechaniczny"
Mechanika i budowa maszyn;"Politechnika Koszalińska; Wydział Mechaniczny"
Mechanika i budowa maszyn;"Wyższa Szkoła Ekologii i Zarządzania w Warszawie; Wydział Zarządzania"
Mechanika i budowa maszyn;"Politechnika Lubelska; Wydział Mechaniczny"
Mechanika i budowa maszyn;"Uczelnia im. Edwarda Herzberga z siedzibą w Grudziądzu; Wydział Mechanika i Budowa Maszyn"
Mechanika i budowa maszyn;"Akademia Morska w Gdyni; Wydział Mechaniczny"
Mechanika i budowa maszyn;Państwowa Wyższa Szkoła Zawodowa im. Stanisława Pigonia w Krośnie
Mechanika i budowa maszyn;Państwowa Wyższa Szkoła Zawodowa we Włocławku
Mechanika i budowa maszyn;"Państwowa Wyższa Szkoła Zawodowa w Koninie; Wydział Budownictwa, Mechaniki i Inżynierii Środowiska"
Mechanika i budowa maszyn;"Państwowa Wyższa Szkoła Zawodowa im. Jakuba z Paradyża w Gorzowie Wielkopolskim; Wydział Techniczny"
Mechanika i budowa maszyn;"Państwowa Wyższa Szkoła Zawodowa w Ciechanowie; Wydział Inżynierii i Ekonomii"
Mechanika i budowa maszyn;"Państwowa Wyższa Szkoła Zawodowa w Ciechanowie; Wydział Inżynierii i Ekonomii"
Mechanika i budowa maszyn;"Wyższa Szkoła Biznesu im. Biskupa Jana Chrapka w Radomiu; Wydział Nauk Stosowanych"
Mechatronika;"Politechnika Łódzka; Wydział Mechaniczny"
Mechatronika;"Politechnika Łódzka; Wydział Elektrotechniki, Elektroniki, Informatyki i Automatyki"
Mechatronika;"Politechnika Poznańska; Wydział Budowy Maszyn i Zarządzania"
Mechatronika;"Wojskowa Akademia Techniczna im. Jarosława Dąbrowskiego; Wydział Mechatroniki i Lotnictwa"
Mechatronika;"Politechnika Rzeszowska im. Ignacego Łukasiewicza; Wydział Budowy Maszyn i Lotnictwa"
Mechatronika;"Dolnośląska Wyższa Szkoła Przedsiębiorczości i Techniki w Polkowicach; Wydział Nauk Technicznych"
Mechatronika;"Politechnika Śląska; Wydział Elektryczny"
Mechatronika;"Uniwersytet Warmińsko-Mazurski w Olsztynie; Wydział Nauk Technicznych"
Mechatronika;Państwowa Wyższa Szkoła Zawodowa w Nowym Sączu
Mechatronika;Państwowa Wyższa Szkoła Zawodowa im. Jana Grodka w Sanoku
Mechatronika;"Politechnika Opolska; Wydział Mechaniczny"
Mechatronika;"Akademia Marynarki Wojennej im. Bohaterów Westerplatte; Wydział Mechaniczno-Elektryczny"
Mechatronika;"Politechnika Warszawska; Wydział Mechatroniki"
Mechatronika;"Politechnika Warszawska; Wydział Samochodów i Maszyn Roboczych"
Mechatronika;"Uniwersytet Rzeszowski; Wydział Matematyczno-Przyrodniczy"
Mechatronika;"Uniwersytet Kazimierza Wielkiego w Bydgoszczy; Wydział Matematyki, Fizyki i Techniki"
Mechatronika;"Politechnika Lubelska; Wydział Mechaniczny"
Mechatronika;"Wyższa Szkoła Gospodarki w Bydgoszczy; Wydział Studiów Stosowanych"
Mechatronika;Wyższa Szkoła Mechatroniki w Katowicach
Mechatronika;"Wyższa Szkoła Techniczna w Katowicach; Wydział Architektury, Budownictwa i Sztuk Stosowanych"
Mechatronika;"Politechnika Koszalińska; Wydział Technologii i Edukacji"
Mechatronika;"Wyższa Szkoła Informatyki i Zarządzania im. Prof. Tadeusza Kotarbińskiego z siedzibą w Olsztynie; Wydział Nauk Technicznych i Społecznych"
Metalurgia;"Akademia Górniczo-Hutnicza im. Stanisława Staszica w Krakowie; Wydział Inżynierii Metali i Informatyki Przemysłowej"
Metalurgia;"Akademia Górniczo-Hutnicza im. Stanisława Staszica w Krakowie; Wydział Odlewnictwa"
Metalurgia;"Akademia Górniczo-Hutnicza im. Stanisława Staszica w Krakowie; Wydział Metali Nieżelaznych"
Metalurgia;"Politechnika Częstochowska; Wydział Inżynierii Produkcji i Technologii Materiałów"
Metalurgia;Państwowa Wyższa Szkoła Zawodowa w Głogowie
Nawigacja;"Wyższa Szkoła Oficerska Sił Powietrznych; Wydział Lotnictwa"
Nawigacja;"Akademia Morska w Szczecinie; Wydział Nawigacyjny"
Nawigacja;"Akademia Marynarki Wojennej im. Bohaterów Westerplatte; Wydział Nawigacji i Uzbrojenia Okrętowego"
Nawigacja;"Akademia Morska w Gdyni; Wydział Nawigacyjny"
Oceanotechnika;"Zachodniopomorski Uniwersytet Technologiczny w Szczecinie; Wydział Techniki Morskiej i Transportu"
Oceanotechnika;"Akademia Marynarki Wojennej im. Bohaterów Westerplatte; Wydział Nawigacji i Uzbrojenia Okrętowego"
Oceanotechnika;"Politechnika Gdańska; Wydział Oceanotechniki i Okrętownictwa"
Ochrona roślin i kontrola fitosanitarna;"Uniwersytet Przyrodniczy w Lublinie; Wydział Ogrodnictwa i Architektury Krajobrazu"
Ochrona środowiska;"Uniwersytet Rolniczy im. Hugona Kołłątaja w Krakowie; Wydział Rolniczo-Ekonomiczny"
Ochrona środowiska;"Uniwersytet Technologiczno-Przyrodniczy im. Jana i Jędrzeja Śniadeckich w Bydgoszczy; Wydział Hodowli i Biologii Zwierząt"
Ochrona środowiska;"Uniwersytet Warmińsko-Mazurski w Olsztynie; Wydział Kształtowania Środowiska i Rolnictwa"
Ochrona środowiska;"Uniwersytet Przyrodniczy we Wrocławiu; Wydział Przyrodniczo-Technologiczny"
Ochrona środowiska;"Politechnika Białostocka; Wydział Budownictwa i Inżynierii Środowiska"
Ochrona środowiska;"Akademia Techniczno-Humanistyczna w Bielsku-Białej; Wydział Nauk o Materiałach i Środowisku"
Ochrona środowiska;"Zachodniopomorski Uniwersytet Technologiczny w Szczecinie; Wydział Kształtowania Środowiska i Rolnictwa"
Ochrona środowiska;"Prywatna Wyższa Szkoła Ochrony Środowiska w Radomiu; Wydział Ochrony Środowiska"
Ochrona środowiska;"Prywatna Wyższa Szkoła Ochrony Środowiska w Radomiu; Wydział Zamiejscowy Ochrony Środowiska w Miechowie"
Ochrona środowiska;"Szkoła Główna Gospodarstwa Wiejskiego w Warszawie; Wydział Budownictwa i Inżynierii Środowiska"
Ochrona środowiska;"Uniwersytet Przyrodniczy w Lublinie; Wydział Biologii i Hodowli Zwierząt"
Ochrona środowiska;"Uniwersytet Rzeszowski; Wydział Biologiczno-Rolniczy"
Ochrona środowiska;Wyższa Szkoła Komunikacji i Zarządzania w Poznaniu
Ochrona środowiska;"Wyższa Szkoła Gospodarki Euroregionalnej im. Alcide De Gasperi w Józefowie; Wydział Nauk Społecznych"
Ochrona środowiska;Państwowa Wyższa Szkoła Zawodowa im. Hipolita Cegielskiego w Gnieźnie
Ochrona środowiska;"Politechnika Koszalińska; Wydział Inżynierii Lądowej, Środowiska i Geodezji"
Ochrona środowiska;"Wyższa Szkoła Ekologii i Zarządzania w Warszawie; Wydział Ekologii"
Ochrona środowiska;Wyższa Szkoła Służb Lotniczych z siedzibą w Bydgoszczy
Ogrodnictwo;"Uniwersytet Rolniczy im. Hugona Kołłątaja w Krakowie; Wydział Biotechnologii i Ogrodnictwa"
Ogrodnictwo;"Szkoła Główna Gospodarstwa Wiejskiego w Warszawie; Wydział Ogrodnictwa, Biotechnologii i Architektury Krajobrazu"
Ogrodnictwo;"Zachodniopomorski Uniwersytet Technologiczny w Szczecinie; Wydział Kształtowania Środowiska i Rolnictwa"
Ogrodnictwo;"Uniwersytet Przyrodniczy w Lublinie; Wydział Ogrodnictwa i Architektury Krajobrazu"
Ogrodnictwo;"Uniwersytet Przyrodniczy w Poznaniu; Wydział Ogrodnictwa i Architektury Krajobrazu"
Ogrodnictwo;"Wyższa Szkoła Ekonomiczno-Humanistyczna im. prof. Szczepana A. Pieniążka w Skierniewicach; Wydział Nauk Społecznych i Przyrodniczych"
Ogrodnictwo;"Państwowa Wyższa Szkoła Zawodowa w Skierniewicach; Wydział Nauk Przyrodniczych i Technicznych"
Ogrodnictwo;Państwowa Wyższa Szkoła Zawodowa w Sulechowie
Ogrodnictwo;Państwowa Wyższa Szkoła Zawodowa w Sulechowie
Papiernictwo i poligrafia;"Politechnika Warszawska; Wydział Inżynierii Produkcji"
Papiernictwo i poligrafia;"Politechnika Łódzka; Instytut Papiernictwa i Poligrafii"
Recykling materiałów;"Politechnika Częstochowska; Wydział Inżynierii Produkcji i Technologii Materiałów"
Rolnictwo;Państwowa Wyższa Szkoła Zawodowa im. Jana Amosa Komeńskiego w Lesznie
Rolnictwo;"Uniwersytet Rolniczy im. Hugona Kołłątaja w Krakowie; Wydział Rolniczo-Ekonomiczny"
Rolnictwo;"Uniwersytet Technologiczno-Przyrodniczy im. Jana i Jędrzeja Śniadeckich w Bydgoszczy; Wydział Rolnictwa i Biotechnologii"
Rolnictwo;"Szkoła Główna Gospodarstwa Wiejskiego w Warszawie; Wydział Rolnictwa i Biologii"
Rolnictwo;"Uniwersytet Przyrodniczo-Humanistyczny w Siedlcach; Wydział Przyrodniczy"
Rolnictwo;"Uniwersytet Warmińsko-Mazurski w Olsztynie; Wydział Kształtowania Środowiska i Rolnictwa"
Rolnictwo;"Uniwersytet Przyrodniczy we Wrocławiu; Wydział Przyrodniczo-Technologiczny"
Rolnictwo;Państwowa Wyższa Szkoła Zawodowa w Chełmie
Rolnictwo;Państwowa Wyższa Szkoła Zawodowa im. Jana Grodka w Sanoku
Rolnictwo;"Zachodniopomorski Uniwersytet Technologiczny w Szczecinie; Wydział Kształtowania Środowiska i Rolnictwa"
Rolnictwo;"Uniwersytet Przyrodniczy w Lublinie; Wydział Agrobioinżynierii"
Rolnictwo;"Uniwersytet Przyrodniczy w Lublinie; Wydział Biogospodarki"
Rolnictwo;"Uniwersytet Rzeszowski; Wydział Biologiczno-Rolniczy"
Rolnictwo;"Uniwersytet Przyrodniczy w Poznaniu; Wydział Rolnictwa i Bioinżynierii"
Rolnictwo;"Państwowa Wyższa Szkoła Zawodowa im. prof. E. Szczepanika w Suwałkach; Instytut Politechniczny"
Rolnictwo;"Wyższa Szkoła Agrobiznesu w Łomży; Wydział Rolniczo-Ekonomiczny"
Rolnictwo;Państwowa Wyższa Szkoła Zawodowa im. Stanisława Pigonia w Krośnie
Rolnictwo;"Państwowa Wyższa Szkoła Zawodowa w Ciechanowie; Wydział Inżynierii i Ekonomii"
Rolnictwo;"Państwowa Wyższa Szkoła Zawodowa w Ciechanowie; Wydział Inżynierii i Ekonomii"
Samochody i bezpieczeństwo w transporcie drogowym;"Uniwersytet Technologiczno-Humanistyczny im. Kazimierza Pułaskiego w Radomiu; Wydział Mechaniczny"
Technika rolnicza i leśna;"Uniwersytet Rolniczy im. Hugona Kołłątaja w Krakowie; Wydział Inżynierii Produkcji i Energetyki"
Technika rolnicza i leśna;"Uniwersytet Warmińsko-Mazurski w Olsztynie; Wydział Nauk Technicznych"
Technika rolnicza i leśna;"Politechnika Białostocka; Wydział Mechaniczny"
Technika rolnicza i leśna;"Uniwersytet Przyrodniczy we Wrocławiu; Wydział Przyrodniczo-Technologiczny"
Technika rolnicza i leśna;"Zachodniopomorski Uniwersytet Technologiczny w Szczecinie; Wydział Kształtowania Środowiska i Rolnictwa"
Technika rolnicza i leśna;"Uniwersytet Przyrodniczy w Lublinie; Wydział Inżynierii Produkcji"
Technika rolnicza i leśna;"Uniwersytet Przyrodniczy w Poznaniu; Wydział Rolnictwa i Bioinżynierii"
Technika rolnicza i leśna;"Politechnika Koszalińska; Wydział Mechaniczny"
Techniki dentystyczne;"Gdański Uniwersytet Medyczny; Wydział Lekarski"
Technologia chemiczna;"Politechnika Poznańska; Wydział Technologii Chemicznej"
Technologia chemiczna;"Politechnika Wrocławska; Wydział Chemiczny"
Technologia chemiczna;"Akademia Górniczo-Hutnicza im. Stanisława Staszica w Krakowie; Wydział Inżynierii Materiałowej i Ceramiki"
Technologia chemiczna;"Politechnika Krakowska im. Tadeusza Kościuszki; Wydział Inżynierii i Technologii Chemicznej"
Technologia chemiczna;"Politechnika Warszawska; Wydział Budownictwa, Mechaniki i Petrochemii"
Technologia drewna;"Szkoła Główna Gospodarstwa Wiejskiego w Warszawie; Wydział Technologii Drewna"
Technologia drewna;"Uniwersytet Przyrodniczy w Poznaniu; Wydział Technologii Drewna"
Technologia żywności i żywienie człowieka;"Politechnika Łódzka; Wydział Biotechnologii i Nauk o Żywności"
Technologia żywności i żywienie człowieka;"Uniwersytet Rolniczy im. Hugona Kołłątaja w Krakowie; Wydział Technologii Żywności"
Technologia żywności i żywienie człowieka;"Szkoła Główna Gospodarstwa Wiejskiego w Warszawie; Wydział Nauk o Żywności"
Technologia żywności i żywienie człowieka;"Uniwersytet Warmińsko-Mazurski w Olsztynie; Wydział Nauki o Żywności"
Technologia żywności i żywienie człowieka;"Uniwersytet Przyrodniczy we Wrocławiu; Wydział Nauk o Żywności"
Technologia żywności i żywienie człowieka;"Zachodniopomorski Uniwersytet Technologiczny w Szczecinie; Wydział Nauk o Żywności i Rybactwa"
Technologia żywności i żywienie człowieka;Państwowa Wyższa Szkoła Informatyki i Przedsiębiorczości w Łomży
Technologia żywności i żywienie człowieka;"Uniwersytet Przyrodniczy w Lublinie; Wydział Nauk o Żywności i Biotechnologii"
Technologia żywności i żywienie człowieka;"Uniwersytet Rzeszowski; Wydział Biologiczno-Rolniczy"
Technologia żywności i żywienie człowieka;"Uniwersytet Przyrodniczy w Poznaniu; Wydział Nauk o Żywności i Żywieniu"
Technologia żywności i żywienie człowieka;"Politechnika Koszalińska; Wydział Mechaniczny"
Technologia żywności i żywienie człowieka;"Wyższa Szkoła Społeczno-Gospodarcza z siedzibą w Przeworsku; Wydział Technologii Żywności"
Technologia żywności i żywienie człowieka;"Wyższa Szkoła Hotelarstwa i Turystyki w Częstochowie; Wydział Turystyki"
Technologia żywności i żywienie człowieka;Państwowa Wyższa Szkoła Zawodowa w Sulechowie
Teleinformatyka;"Uniwersytet Technologiczno-Przyrodniczy im. Jana i Jędrzeja Śniadeckich w Bydgoszczy; Wydział Telekomunikacji, Informatyki i Elektrotechniki"
Telekomunikacja;"Politechnika Wrocławska; Wydział Elektroniki"
Towaroznawstwo;"Uniwersytet Ekonomiczny w Krakowie; Wydział Towaroznawstwa"
Towaroznawstwo;"Akademia Morska w Gdyni; Wydział Przedsiębiorczości i Towaroznawstwa"
Towaroznawstwo;"Uniwersytet Warmińsko-Mazurski w Olsztynie; Wydział Nauki o Żywności"
Towaroznawstwo;"Uniwersytet Przyrodniczy w Lublinie; Wydział Agrobioinżynierii"
Towaroznawstwo;"Wyższa Szkoła Agrobiznesu w Łomży; Wydział Rolniczo-Ekonomiczny"
Towaroznawstwo;Państwowa Wyższa Szkoła Zawodowa im. Stanisława Pigonia w Krośnie
Transport;"Politechnika Łódzka; Wydział Mechaniczny"
Transport;"Politechnika Łódzka; Wydział Elektrotechniki, Elektroniki, Informatyki i Automatyki"
Transport;"Politechnika Poznańska; Wydział Maszyn Roboczych i Transportu"
Transport;"Politechnika Rzeszowska im. Ignacego Łukasiewicza; Wydział Budowy Maszyn i Lotnictwa"
Transport;"Uniwersytet Technologiczno-Przyrodniczy im. Jana i Jędrzeja Śniadeckich w Bydgoszczy; Wydział Inżynierii Mechanicznej"
Transport;"Akademia Morska w Gdyni; Wydział Nawigacyjny"
Transport;"Politechnika Krakowska im. Tadeusza Kościuszki; Wydział Mechaniczny"
Transport;"Politechnika Krakowska im. Tadeusza Kościuszki; Wydział Inżynierii Lądowej"
Transport;"Akademia Techniczno-Humanistyczna w Bielsku-Białej; Wydział Zarządzania i Transportu"
Transport;"Zachodniopomorski Uniwersytet Technologiczny w Szczecinie; Wydział Techniki Morskiej i Transportu"
Transport;"Zachodniopomorski Uniwersytet Technologiczny w Szczecinie; Wydział Inżynierii Mechanicznej i Mechatroniki"
Transport;"Politechnika Śląska; Wydział Transportu"
Transport;"Wyższa Szkoła Przedsiębiorczości i Administracji w Lublinie; Wydział Nauk Technicznych"
Transport;"Politechnika Świętokrzyska w Kielcach; Wydział Mechatroniki i Budowy Maszyn"
Transport;Państwowa Wyższa Szkoła Zawodowa im. Stanisława Staszica w Pile
Transport;"Akademia Morska w Szczecinie; Wydział Inżynieryjno-Ekonomiczny Transportu"
Transport;"Politechnika Warszawska; Wydział Transportu"
Transport;"Uniwersytet Przyrodniczy w Lublinie; Wydział Inżynierii Produkcji"
Transport;"Uniwersytet Technologiczno-Humanistyczny im. Kazimierza Pułaskiego w Radomiu; Wydział Transportu i Elektrotechniki"
Transport;Państwowa Wyższa Szkoła Zawodowa im. Hipolita Cegielskiego w Gnieźnie
Transport;"Państwowa Wyższa Szkoła Zawodowa im. prof. E. Szczepanika w Suwałkach; Instytut Politechniczny"
Transport;"Politechnika Koszalińska; Wydział Mechaniczny"
Transport;"Wyższa Szkoła Handlowa im. Bolesława Markowskiego w Kielcach; Wydział Nauk Technicznych"
Transport;"Podkarpacka Szkoła Wyższa im. bł. ks. Władysława Findysza w Jaśle; Wydział Ekonomii, Gospodarki Przestrzennej i Transportu"
Transport;"Politechnika Lubelska; Wydział Mechaniczny"
Transport;"Wyższa Szkoła Techniczna we Włocławku; Wydział Nauk Technicznych"
Transport;"Uczelnia Techniczno-Handlowa im. Heleny Chodkowskiej; Wydział Inżynieryjny"
Transport;"Wyższa Szkoła Techniczno-Ekonomiczna w Szczecinie; Wydział Transportu Samochodowego"
Transport;"Wyższa Szkoła Techniczno-Ekonomiczna w Szczecinie; Wydział Transportu Samochodowego"
Włókiennictwo;"Politechnika Łódzka; Wydział Technologii Materiałowych i Wzornictwa Tekstyliów"
Włókiennictwo;"Akademia Techniczno-Humanistyczna w Bielsku-Białej; Wydział Nauk o Materiałach i Środowisku"
Zarządzanie;"Politechnika Poznańska; Wydział Inżynierii Zarządzania"
Zarządzanie;"Wyższa Szkoła Informatyki Stosowanej i Zarządzania w Warszawie; Wydział Informatycznych Technik Zarządzania"
Zarządzanie;"Politechnika Łódzka; Wydział Organizacji i Zarządzania"
Zarządzanie;"Wałbrzyska Wyższa Szkoła Zarządzania i Przedsiębiorczości; Wydział Zarządzania i Administracji"
Zarządzanie;"Polsko-Japońska Akademia Technik Komputerowych; Wydział Zarządzania Informacją"
zarządzanie;"Wyższa Szkoła Biznesu w Dąbrowie Górniczej; Wydział Zamiejscowy w Olkuszu"
zarządzanie;"Wyższa Szkoła Biznesu w Dąbrowie Górniczej; Wydział Zamiejscowy w Żywcu"
Zarządzanie i inżynieria produkcji;"Uczelnia Zawodowa Zagłębia Miedziowego w Lubinie; Wydział Nauk Technicznych"
Zarządzanie i inżynieria produkcji;"Politechnika Łódzka; Wydział Organizacji i Zarządzania"
Zarządzanie i inżynieria produkcji;"Uniwersytet Zielonogórski; Wydział Mechaniczny"
Zarządzanie i inżynieria produkcji;"Wyższa Szkoła Informatyki, Zarządzania i Administracji w Warszawie; Wydział Informatyki i Telekomunikacji"
Zarządzanie i inżynieria produkcji;"Uniwersytet Ekonomiczny w Krakowie; Wydział Towaroznawstwa"
Zarządzanie i inżynieria produkcji;"Politechnika Poznańska; Wydział Budowy Maszyn i Zarządzania"
Zarządzanie i inżynieria produkcji;"Szkoła Główna Gospodarstwa Wiejskiego w Warszawie; Wydział Inżynierii Produkcji"
Zarządzanie i inżynieria produkcji;"Uniwersytet Rolniczy im. Hugona Kołłątaja w Krakowie; Wydział Inżynierii Produkcji i Energetyki"
Zarządzanie i inżynieria produkcji;"Politechnika Wrocławska; Wydział Mechaniczny"
Zarządzanie i inżynieria produkcji;"Politechnika Śląska; Wydział Organizacji i Zarządzania"
Zarządzanie i inżynieria produkcji;"Uniwersytet Technologiczno-Przyrodniczy im. Jana i Jędrzeja Śniadeckich w Bydgoszczy; Wydział Zarządzania"
Zarządzanie i inżynieria produkcji;"Politechnika Śląska; Wydział Inżynierii Materiałowej i Metalurgii"
Zarządzanie i inżynieria produkcji;"Politechnika Śląska; Wydział Mechaniczny Technologiczny"
Zarządzanie i inżynieria produkcji;"Politechnika Rzeszowska im. Ignacego Łukasiewicza; Wydział Budowy Maszyn i Lotnictwa"
Zarządzanie i inżynieria produkcji;"Politechnika Krakowska im. Tadeusza Kościuszki; Wydział Mechaniczny"
Zarządzanie i inżynieria produkcji;"Uniwersytet Warmińsko-Mazurski w Olsztynie; Wydział Nauk Ekonomicznych"
Zarządzanie i inżynieria produkcji;"Akademia Górniczo-Hutnicza im. Stanisława Staszica w Krakowie; Wydział Metali Nieżelaznych"
Zarządzanie i inżynieria produkcji;Państwowa Wyższa Szkoła Zawodowa w Nowym Sączu
Zarządzanie i inżynieria produkcji;Państwowa Wyższa Szkoła Zawodowa w Nysie
Zarządzanie i inżynieria produkcji;"Akademia Morska w Szczecinie; Wydział Inżynieryjno-Ekonomiczny Transportu"
Zarządzanie i inżynieria produkcji;"Politechnika Białostocka; Wydział Zarządzania"
Zarządzanie i inżynieria produkcji;"Politechnika Koszalińska; Wydział Mechaniczny"
Zarządzanie i inżynieria produkcji;"Akademia Techniczno-Humanistyczna w Bielsku-Białej; Wydział Budowy Maszyn i Informatyki"
Zarządzanie i inżynieria produkcji;"Wyższa Szkoła Zarządzania Ochroną Pracy w Katowicach; Wydział Nauk Technicznych"
Zarządzanie i inżynieria produkcji;"Politechnika Opolska; Wydział Inżynierii Produkcji i Logistyki"
Zarządzanie i inżynieria produkcji;"Akademia Górniczo-Hutnicza im. Stanisława Staszica w Krakowie; Wydział Zarządzania"
Zarządzanie i inżynieria produkcji;"Zachodniopomorski Uniwersytet Technologiczny w Szczecinie; Wydział Inżynierii Mechanicznej i Mechatroniki"
Zarządzanie i inżynieria produkcji;"Zachodniopomorski Uniwersytet Technologiczny w Szczecinie; Wydział Informatyki"
Zarządzanie i inżynieria produkcji;"Politechnika Częstochowska; Wydział Zarządzania"
Zarządzanie i inżynieria produkcji;"Politechnika Częstochowska; Wydział Inżynierii Produkcji i Technologii Materiałów"
Zarządzanie i inżynieria produkcji;"Politechnika Warszawska; Wydział Inżynierii Produkcji"
Zarządzanie i inżynieria produkcji;"Politechnika Warszawska; Wydział Zarządzania"
Zarządzanie i inżynieria produkcji;"Uniwersytet Przyrodniczy w Lublinie; Wydział Inżynierii Produkcji"
Zarządzanie i inżynieria produkcji;"Akademia Górniczo-Hutnicza im. Stanisława Staszica w Krakowie; Wydział Górnictwa i Geoinżynierii"
Zarządzanie i inżynieria produkcji;Państwowa Wyższa Szkoła Zawodowa im. Hipolita Cegielskiego w Gnieźnie
Zarządzanie i inżynieria produkcji;"Politechnika Świętokrzyska w Kielcach; Wydział Zarządzania i Modelowania Komputerowego"
Zarządzanie i inżynieria produkcji;Wyższa Szkoła Komunikacji i Zarządzania w Poznaniu
Zarządzanie i inżynieria produkcji;"Politechnika Lubelska; Wydział Mechaniczny
Politechnika Lubelska; Wydział Zarządzania"
Zarządzanie i inżynieria produkcji;"Wyższa Szkoła Gospodarki w Bydgoszczy; Wydział Zarządzania i Inżynierii"
Zarządzanie i inżynieria produkcji;"Państwowa Wyższa Szkoła Zawodowa im. prof. E. Szczepanika w Suwałkach; Instytut Politechniczny"
Zarządzanie i inżynieria produkcji;Bydgoska Szkoła Wyższa w Bydgoszczy
Zarządzanie i inżynieria produkcji;"Wyższa Szkoła Ekologii i Zarządzania w Warszawie; Wydział Zarządzania"
Zarządzanie i inżynieria produkcji;"Wyższa Szkoła Biznesu w Dąbrowie Górniczej; Wydział Zamiejscowy w Cieszynie"
Zarządzanie i inżynieria produkcji;"Uniwersytet Ekonomiczny we Wrocławiu; Wydział Inżynieryjno-Ekonomiczny"
Zarządzanie i inżynieria produkcji;"Gdańska Szkoła Wyższa z siedzibą w Gdańsku; Wydział Studiów Inżynierskich"
Zarządzanie i inżynieria produkcji;"Państwowa Wyższa Szkoła Zawodowa im. Witelona w Legnicy; Wydział Nauk Technicznych i Ekonomicznych"
Zarządzanie i inżynieria produkcji;"Gdańska Szkoła Wyższa z siedzibą w Gdańsku; Wydział Zamiejscowy w Słupsku"
Zarządzanie i inżynieria produkcji;Państwowa Wyższa Szkoła Zawodowa im. rotmistrza Witolda Pileckiego w Oświęcimiu
Zarządzanie i inżynieria produkcji;"Wyższa Szkoła Menedżerska w Warszawie; Wydział Menedżerski i Nauk Technicznych"
Zarządzanie i inżynieria produkcji;"Sopocka Szkoła Wyższa z siedzibą w Sopocie; Wydział Ekonomiczno - Społeczny"
Zarządzanie i inżynieria produkcji;"Wyższa Szkoła Informatyki i Zarządzania im. Prof. Tadeusza Kotarbińskiego z siedzibą w Olsztynie; Wydział Nauk Technicznych i Społecznych"
Zarządzanie inżynierskie;"Politechnika Gdańska; Wydział Zarządzania i Ekonomii"
Zielarstwo i terapie roślinne;"Uniwersytet Przyrodniczy w Lublinie; Wydział Ogrodnictwa i Architektury Krajobrazu"
Zootechnika;"Szkoła Główna Gospodarstwa Wiejskiego w Warszawie; Wydział Nauk o Zwierzętach"
Zootechnika;"Uniwersytet Rolniczy im. Hugona Kołłątaja w Krakowie; Wydział Hodowli i Biologii Zwierząt"
Zootechnika;"Uniwersytet Technologiczno-Przyrodniczy im. Jana i Jędrzeja Śniadeckich w Bydgoszczy; Wydział Hodowli i Biologii Zwierząt"
Zootechnika;"Uniwersytet Warmińsko-Mazurski w Olsztynie; Wydział Bioinżynierii Zwierząt"
Zootechnika;"Uniwersytet Przyrodniczo-Humanistyczny w Siedlcach; Wydział Przyrodniczy"
Zootechnika;"Zachodniopomorski Uniwersytet Technologiczny w Szczecinie; Wydział Biotechnologii i Hodowli Zwierząt"
Zootechnika;"Uniwersytet Przyrodniczy we Wrocławiu; Wydział Biologii i Hodowli Zwierząt"
Zootechnika;"Uniwersytet Przyrodniczy w Lublinie; Wydział Biologii i Hodowli Zwierząt"
Zootechnika;"Uniwersytet Przyrodniczy w Poznaniu; Wydział Hodowli i Biologii Zwierząt"
żywienie człowieka i ocena żywności;"Szkoła Główna Gospodarstwa Wiejskiego w Warszawie; Wydział Nauk o Żywieniu Człowieka i Konsumpcji"
